"Abbeville, LA",37,19824,29.973330,-92.135750
"Aberdeen, SD",145,25977,45.459091,-98.486908
"Aberdeen, WA",172,29856,46.975861,-123.815979
"Aberdeen, MD",199,213751,39.511040,-76.162682
"Abilene, TX",280,110421,32.449169,-99.741417
"Ada, OK",415,17400,34.775059,-96.678658
"Adjuntas, PR",550,11122,18.179792,-66.753967
"Adrian, MI",577,44823,41.897308,-84.036392
"Agat, GU",604,10093,13.360430,144.673798
"Aguadilla, PR",631,306196,18.459665,-67.120766
"Akron, OH",766,569499,41.084309,-81.514313
"Alamogordo, NM",820,31862,32.899250,-105.960320
"Albany, GA",901,95779,31.581400,-84.156021
"Albany, OR",955,56997,44.635479,-123.107758
"Albany, NY",970,594962,42.651550,-73.755211
"Albemarle, NC",982,16823,35.350231,-80.195663
"Albert Lea, MN",1009,17868,43.647331,-93.368713
"Albertville, AL",1036,36815,34.269508,-86.207939
"Albuquerque, NM",1171,741318,35.084229,-106.649048
"Alexandria, LA",1279,82804,31.312660,-92.445679
"Alexandria, MN",1306,16983,45.889389,-95.366341
"Alice, TX",1414,20974,27.750780,-98.065041
"Allentown, PA",1495,664651,40.602631,-75.470268
"Alliance, OH",1549,32533,40.921551,-81.105843
"Alma, MI",1630,16924,43.378971,-84.657028
"Alpena, MI",1684,14258,45.061562,-83.445152
"Alton, IL",1765,83890,38.890862,-90.183952
"Altoona, PA",1792,79930,40.507191,-78.398903
"Altus, OK",1846,19900,34.637829,-99.333740
"Amarillo, TX",1927,196651,35.207249,-101.833893
"Americus, GA",2008,19106,32.073101,-84.232552
"Ames, IA",2062,60438,42.025341,-93.620201
"Amsterdam, NY",2170,22262,42.938961,-74.188927
"Anacortes, WA",2224,16712,48.517479,-122.612137
"Anchorage, AK",2305,251243,61.217529,-149.858246
"Anchorage Northeast, AK",2332,28568,61.212311,-149.750473
"Anderson, IN",2386,88133,40.102169,-85.678284
"Anderson, SC",2413,75702,34.500610,-82.649620
"Andrews, TX",2467,12346,32.318981,-102.546669
"Angola, IN",2548,11196,41.634869,-84.998596
"Anna, TX",2581,10746,33.349770,-96.551193
"Ann Arbor, MI",2602,306022,42.282101,-83.748466
"Anniston, AL",2629,79796,33.657120,-85.818909
"Antioch, CA",2683,277634,38.015831,-121.819740
"Appleton, WI",2764,216154,44.261780,-88.417137
"Arcadia, FL",2912,17490,27.217430,-81.862633
"Arcata-McKinleyville, CA",2926,32364,40.942661,-124.100983
"Archer Lodge, NC",2965,13288,35.693878,-78.375107
"Ardmore, OK",3007,20888,34.172680,-97.128769
"Arecibo, PR",3034,139171,18.472420,-66.719704
"Arizona City, AZ",3088,10531,32.750881,-111.671120
"Arkadelphia, AR",3115,10491,34.120979,-93.054131
"Arkansas City, KS",3142,13026,37.055882,-97.038933
"Arlington, TN",3158,11502,35.291698,-89.674591
"Arroyo Grande, CA",3196,52000,35.124352,-120.576843
"Artesia, NM",3223,12764,32.843262,-104.397598
"Arvin, CA",3250,19573,35.209019,-118.828903
"Asheboro, NC",3331,37792,35.709110,-79.813339
"Asheville, NC",3358,280648,35.598679,-82.553398
"Ashland, OH",3385,20226,40.868649,-82.315498
"Ashtabula, OH",3466,29346,41.889259,-80.786728
"Astoria, OR",3547,14115,46.189770,-123.833946
"Atchison, KS",3601,11166,39.560860,-95.128418
"Athens, AL",3655,24956,34.804501,-86.971283
"Athens, OH",3682,28286,39.328499,-82.104439
"Athens, TN",3709,15985,35.440941,-84.592300
"Athens, TX",3736,12169,32.204311,-95.855499
"Athens-Clarke County, GA",3763,128754,33.958160,-83.373123
"Athol, MA",3790,12834,42.593769,-72.233719
"Atlanta, GA",3817,4515419,33.748310,-84.391113
"Atlantic City, NJ",3898,248402,39.362869,-74.426369
"Atoka, TN",3957,18885,35.441559,-89.778580
"Auburn, AL",4033,74741,32.608292,-85.481728
"Auburn, IN",4060,21712,41.366928,-85.053963
"Auburn, NY",4114,32274,42.929359,-76.565910
"Auburn, CA",4130,33157,38.896198,-121.078873
"Augusta, ME",4195,22637,44.318031,-69.776207
"Augusta-Richmond County, GA",4222,386787,33.479290,-81.975220
"Austin, MN",4357,25103,43.666592,-92.972977
"Austin, TX",4384,1362416,30.267590,-97.742989
"Avenal, CA",4465,15486,36.003899,-120.129829
"Avondale, AZ",4549,197041,33.440891,-112.349663
"Bainbridge, GA",4627,12118,30.906170,-84.575638
"Bakersfield, CA",4681,523994,35.367298,-119.018860
"Baltimore, MD",4843,2203663,39.290581,-76.609261
"Bangor, ME",4951,61210,44.801708,-68.770767
"Baraboo, WI",5005,13759,43.468731,-89.744293
"Bardstown, KY",5059,18702,37.809139,-85.458580
"Barnstable Town, MA",5167,246695,41.652840,-70.283401
"Barre, VT",5221,21675,44.196892,-72.501472
"Barstow, CA",5302,28973,34.893082,-117.025459
"Bartlesville, OK",5329,38874,36.746750,-95.979019
"Bastrop, LA",5437,13979,32.778252,-91.915031
"Bastrop, TX",5464,13371,30.110540,-97.318939
"Batavia, NY",5491,17834,42.998360,-78.188240
"Batesville, AR",5545,11513,35.769760,-91.650002
"Baton Rouge, LA",5680,594309,30.443350,-91.186638
"Battle Creek, MI",5707,78393,42.316479,-85.180008
"Bay City, MI",5869,70585,43.595268,-83.884911
"Bay City, TX",5896,18745,28.982960,-95.969414
"Beatrice, NE",6004,12405,40.265862,-96.747482
"Beaufort, SC",6031,48807,32.431190,-80.669930
"Beaumont, TX",6058,147922,30.086149,-94.101349
"Beaver Dam, WI",6112,17833,43.456329,-88.830177
"Beckley, WV",6139,64022,37.777920,-81.187859
"Bedford, IN",6166,14977,38.861019,-86.488869
"Beeville, TX",6274,18168,28.402040,-97.749359
"Belgrade, MT",6382,13797,45.776772,-111.178253
"Bellefontaine, OH",6436,13235,40.362431,-83.759567
"Bellefonte, PA",6463,12888,40.911659,-77.777710
"Belle Glade, FL",6517,24870,26.685640,-80.667870
"Bellingham, WA",6652,114473,48.752350,-122.471222
"Beloit, WI",6760,63835,42.507011,-89.037933
"Bemidji, MN",6841,14626,47.473141,-94.879646
"Bend, OR",6868,83794,44.057819,-121.315369
"Bennettsville, SC",6895,13006,34.614792,-79.683273
"Bennington, VT",6922,12723,42.876720,-73.198181
"Benton Harbor, MI",7138,61022,42.115528,-86.457481
"Berea, KY",7165,15590,37.570301,-84.292709
"Berlin, NH",7192,11159,44.472881,-71.176262
"Big Bear City, CA",7508,15873,34.261150,-116.845619
"Big Rapids, MI",7624,14241,43.698318,-85.480827
"Big Spring, TX",7651,27987,32.250309,-101.479088
"Billings, MT",7705,114773,45.784260,-108.506073
"Binghamton, NY",7732,158084,42.098709,-75.911186
"Birch Bay, WA",7759,12737,48.933250,-122.726280
"Birmingham, AL",7786,749495,33.520721,-86.811790
"Bismarck, ND",7921,81955,46.805359,-100.779694
"Blackfoot, ID",7948,15352,43.189011,-112.345543
"Blacksburg, VA",8002,88542,37.226528,-80.410896
"Bloomington, IN",8380,108657,39.166599,-86.534798
"Bloomington, IL",8407,132600,40.485458,-88.997726
"Bloomsburg, PA",8434,53618,41.004589,-76.453331
"Bluefield, WV",8515,44092,37.267979,-81.222618
"Blythe, CA",8623,12967,33.610401,-114.598511
"Blytheville, AR",8650,18219,35.928520,-89.904289
"Boerne, TX",8704,10467,29.789560,-98.729332
"Bogalusa, LA",8731,12213,30.790621,-89.864304
"Boise City, ID",8785,349684,43.607639,-116.193398
"Bonita Springs, FL",8974,310298,26.330629,-81.798782
"Boone, IA",9028,12793,42.059319,-93.902382
"Boone, NC",9055,22763,36.220482,-81.687187
"Borger, TX",9217,13574,35.667950,-101.390427
"Boston, MA",9271,4181019,42.358662,-71.056740
"Boulder, CO",9298,114591,40.015739,-105.279243
"Boulder City, NV",9325,13866,35.978611,-114.834038
"Bowling Green, KY",9379,78306,36.994621,-86.445580
"Bowling Green, OH",9433,30738,41.375710,-83.650459
"Bozeman, MT",9514,43164,45.679340,-111.032219
"Bradford, PA",9541,12083,41.955860,-78.650482
"Braidwood, IL",9600,22685,41.264519,-88.217743
"Brainerd, MN",9622,19812,46.353489,-94.200691
"Branson, MO",9676,22645,36.641560,-93.217888
"Brawley, CA",9730,25032,32.978630,-115.534042
"Breaux Bridge, LA",9801,18465,30.273300,-91.899620
"Bremerton, WA",9946,198979,47.564999,-122.627487
"Brenham, TX",9973,15682,30.166229,-96.400047
"Brevard, NC",10027,13121,35.234268,-82.733910
"Bridgeport, CT",10162,923311,41.182129,-73.190643
"Bridgeton, NJ",10189,35022,39.429470,-75.234062
"Bristol, TN",10351,69501,36.592178,-82.221291
"Brockport, NY",10418,20255,43.214401,-77.938454
"Brookhaven, MS",10594,10635,31.579470,-90.441963
"Brookings, OR",10621,10915,42.054890,-124.289574
"Brookings, SD",10648,22482,44.311241,-96.798607
"Browns Mills, NJ",10891,37985,39.969860,-74.581551
"Brownsville, TX",10972,217585,25.902090,-97.499237
"Brownwood, TX",10999,22711,31.725269,-98.980713
"Brunswick, GA",11026,51024,31.149740,-81.495560
"Brunswick, ME",11040,29159,43.914040,-69.967361
"Buckeye, AZ",11134,19424,33.370491,-112.589729
"Bucyrus, OH",11215,12401,40.808651,-82.976418
"Buffalo, MN",11296,15972,45.172852,-93.876228
"Buffalo, NY",11350,935906,42.885441,-78.878464
"Bullhead City, AZ",11431,48656,35.126789,-114.577179
"Burkburnett, TX",11593,10002,34.077862,-98.555962
"Burley, ID",11620,15977,42.535301,-113.793289
"Burlington, IA",11674,29569,40.812050,-91.100731
"Burlington, NC",11728,119911,36.096859,-79.437912
"Burlington, VT",11755,108740,44.475929,-73.212769
"Burlington, WI",11782,23534,42.680000,-88.276962
"Butler, PA",11998,40352,40.860352,-79.895271
"Butner, NC",12025,16975,36.130482,-78.754913
"Butte-Silver Bow, MT",12052,30287,46.001751,-112.520889
"Cadillac, MI",12160,11690,44.250832,-85.402649
"Calhoun, GA",12457,31493,34.505241,-84.950882
"California City, CA",12565,10908,35.128941,-117.985626
"Camarillo, CA",12754,71772,34.223400,-119.050720
"Cambridge, MD",12808,14255,38.563122,-76.078056
"Cambridge, MN",12835,14270,45.572651,-93.224449
"Cambridge, OH",12862,15232,40.024780,-81.590111
"Camden, AR",12916,11401,33.586979,-92.829567
"Camden, SC",12970,13546,34.250038,-80.607452
"Campbellsville, KY",13159,11719,37.342812,-85.343048
"Canby, OR",13221,17119,45.262981,-122.694267
"Canon City, CO",13267,27139,38.440979,-105.242447
"Canton, IL",13294,14818,40.558319,-90.028580
"Canton, MS",13321,15321,32.612579,-90.034721
"Canton, OH",13375,279245,40.797878,-81.371941
"Canyon, TX",13456,13440,34.985600,-101.936272
"Cape Coral, FL",13510,530290,26.629820,-81.956940
"Cape Girardeau, MO",13537,52900,37.302711,-89.544533
"Carbondale, IL",13591,67821,37.727299,-89.215797
"Carlsbad, NM",13807,29839,32.418961,-104.229012
"Carrollton, GA",14023,42872,33.581501,-85.078400
"Carson City, NV",14158,58079,39.165058,-119.766968
"Cartersville, GA",14185,52477,34.165218,-84.795418
"Carthage, MO",14266,15496,37.176750,-94.314003
"Casa Grande, AZ",14401,51331,32.879551,-111.750839
"Casper, WY",14482,64548,42.850079,-106.327789
"Cedar City, UT",14698,33200,37.677952,-113.061760
"Cedar Rapids, IA",14752,177844,41.976460,-91.673462
"Cedartown, GA",14806,12502,34.014549,-85.256622
"Celina, OH",14860,11259,40.553379,-84.570778
"Centralia, IL",15022,17296,38.528278,-89.130577
"Centralia, WA",15076,39517,46.728939,-122.952980
"Chambersburg, PA",15184,50887,39.937431,-77.660751
"Champaign, IL",15211,145361,40.114201,-88.243500
"Chaparral, NM",15292,12328,32.038139,-106.410233
"Charleston, IL",15400,21810,39.495972,-88.176308
"Charleston, WV",15481,153199,38.350159,-81.638947
"Charleston, SC",15508,548404,32.781151,-79.931602
"Charles Town, WV",15600,21019,39.289440,-77.858803
"Charlotte, MI",15643,12682,42.563980,-84.834892
"Charlotte, NC",15670,1249442,35.222858,-80.837959
"Charlotte Amalie, VI",15697,50916,18.340549,-64.932152
"Charlottesville, VA",15724,92359,38.032131,-78.477562
"Chattanooga, TN",15832,381112,35.046719,-85.309471
"Cheney, WA",15967,10569,47.489010,-117.574768
"Chesapeake Beach, MD",16102,23700,38.695492,-76.533752
"Cheyenne, WY",16237,73588,41.134811,-104.821541
"Chicago, IL",16264,8608208,41.884251,-87.632446
"Chickasha, OK",16291,15739,35.052380,-97.936150
"Chico, CA",16318,98176,39.731998,-121.841980
"Chillicothe, OH",16453,32263,39.335369,-82.967758
"Chino Valley, AZ",16561,10783,34.757381,-112.453857
"Chowchilla, CA",16696,11843,37.123192,-120.259621
"Christiansted, VI",16750,46601,17.746719,-64.704178
"Cincinnati, OH",16885,1624827,39.161999,-84.456886
"Circleville, OH",16912,14965,39.600990,-82.942177
"Claremore, OK",17128,25164,36.311230,-95.615433
"Clarksburg, WV",17236,43988,39.279442,-80.340172
"Clarksdale, MS",17263,17783,34.194569,-90.564919
"Clarksville, TN",17317,158655,36.531212,-87.359917
"Clearfield, PA",17452,10903,41.022919,-78.438087
"Clearlake, CA",17479,15944,38.950722,-122.622368
"Cleburne, TX",17533,35122,32.350891,-97.387741
"Cleveland, MS",17641,15722,33.747452,-90.717018
"Cleveland, OH",17668,1780673,41.504730,-81.690742
"Cleveland, TN",17722,66777,35.160179,-84.875320
"Clewiston, FL",17776,12833,26.754200,-80.935318
"Clinton, IA",17938,32332,41.838982,-90.191963
"Clinton, SC",18046,11176,34.471851,-81.880737
"Cloquet, MN",18127,12936,46.714298,-92.480431
"Clovis, NM",18208,41570,34.405231,-103.205338
"Coalinga, CA",18289,12702,36.137470,-120.362457
"Coamo, PR",18316,38047,18.097198,-66.360176
"Coco, PR",18383,22102,18.007191,-66.259331
"Coeur d'Alene, ID",18451,98378,47.671680,-116.775848
"Coffeyville, KS",18478,10909,37.032959,-95.616570
"Colchester, CT",18559,10098,41.574902,-72.326942
"Coldwater, MI",18667,16876,41.940601,-85.000443
"College Station, TX",18748,171345,30.620541,-96.325897
"Colorado Springs, CO",18856,559409,38.833519,-104.821808
"Columbia, MO",18937,124748,38.952518,-92.334152
"Columbia, SC",18964,549777,33.998821,-81.045372
"Columbia, TN",18991,34965,35.616150,-87.035378
"Columbus, GA",19099,253602,32.462879,-84.987572
"Columbus, IN",19126,54933,39.201500,-85.918678
"Columbus, MS",19180,31174,33.495071,-88.428551
"Columbus, NE",19207,22106,41.431141,-97.372200
"Columbus, OH",19234,1368035,39.961990,-83.002747
"Concord, CA",19504,615968,37.981651,-122.025833
"Concord, NH",19531,42611,43.207249,-71.536598
"Concord, NC",19558,214881,35.410431,-80.581200
"Conneaut, OH",19612,14109,41.943901,-80.559212
"Connersville, IN",19693,15347,39.641258,-85.137741
"Conroe, TX",19755,239938,30.312170,-95.455940
"Conway, AR",19801,65277,35.090981,-92.439690
"Cookeville, TN",19828,44207,36.161930,-85.499802
"Coolidge, AZ",19882,10919,32.977631,-111.516251
"Coos Bay, OR",19936,31386,43.367970,-124.219658
"Corcoran, CA",20044,25516,36.098049,-119.559052
"Cordele, GA",20071,12416,31.971560,-83.782722
"Corinth, MS",20098,12469,34.929131,-88.530952
"Cornelia, GA",20152,18578,34.512272,-83.527657
"Corning, NY",20233,20477,42.143261,-77.054558
"Corpus Christi, TX",20287,320069,27.796410,-97.403740
"Corsicana, TX",20341,22599,32.091728,-96.463020
"Cortland, NY",20395,27493,42.603481,-76.174843
"Corvallis, OR",20422,62433,44.565029,-123.263512
"Coshocton, OH",20476,11517,40.272289,-81.866653
"Cottage Grove, OR",20503,11007,43.797340,-123.064522
"Cottonwood, AZ",20595,26650,34.740200,-112.009727
"Craig, CO",20827,10021,40.514229,-107.547867
"Crawfordsville, IN",20881,18012,40.042278,-86.901382
"Crescent City, CA",20908,18976,41.752811,-124.200462
"Cresson, PA",20980,11106,40.460018,-78.591553
"Crestview, FL",21043,32432,30.761829,-86.571022
"Crossville, TN",21394,16337,35.948360,-85.026497
"Crowley, LA",21421,14908,30.210791,-92.371681
"Cullman, AL",21637,18356,34.174370,-86.843452
"Cullowhee, NC",21664,10837,35.307709,-83.187820
"Culpeper, VA",21691,17778,38.473331,-77.996140
"Cumberland, MD",21745,51899,39.651772,-78.763329
"Dallas, OR",22015,15340,44.920990,-123.315308
"Dallas, TX",22042,5121892,32.778221,-96.795120
"Dalton, GA",22069,85239,34.761452,-84.972183
"Danbury, CT",22096,168136,41.392681,-73.453590
"Danville, IL",22204,50996,40.159801,-87.630440
"Danville, KY",22231,18887,37.645988,-84.775146
"Danville, VA",22253,49344,36.585979,-79.417198
"Daphne, AL",22285,57383,30.603910,-87.900917
"Davenport, IA",22366,280051,41.538261,-90.576019
"Davis, CA",22420,72794,38.546692,-121.744568
"Dayton, NV",22501,11127,39.237831,-119.589172
"Dayton, OH",22528,724091,39.759201,-84.193810
"Dayton, TN",22555,10174,35.494801,-85.012352
"Dayton, TX",22582,12075,30.045090,-94.888100
"Decatur, AL",22690,70436,34.607399,-86.979790
"Decatur, IL",22717,93863,39.845852,-88.952087
"Decatur, IN",22744,10440,40.831341,-84.924362
"Dededo, GU",22811,139825,13.565620,144.844604
"Defiance, OH",22879,18306,41.286469,-84.362282
"DeKalb, IL",22960,68545,41.929489,-88.749901
"Delano, CA",22987,54372,35.770538,-119.244766
"Delavan, WI",23041,12158,42.632099,-88.646881
"Del Rio, TX",23203,43914,29.366510,-100.898300
"Deltona, FL",23311,182169,28.932230,-81.223351
"Deming, NM",23338,14903,32.268051,-107.758659
"Denton, TX",23500,366174,33.216591,-97.131531
"Denver, CO",23527,2374203,39.740009,-104.992020
"DeRidder, LA",23662,13341,30.847340,-93.288963
"Desert Hot Springs, CA",23716,39445,33.961449,-116.510239
"Des Moines, IA",23743,450070,41.589809,-93.615379
"Detroit, MI",23824,3734090,42.331680,-83.047997
"Dickinson, ND",24094,17586,46.879028,-102.790588
"Dickson, TN",24121,16016,36.076618,-87.387619
"Discovery Bay, CA",24256,14044,37.904202,-121.602173
"Dixon, CA",24283,18445,38.445518,-121.817070
"Dixon, IL",24310,16858,41.848042,-89.484619
"Dodge City, KS",24337,27316,37.752670,-100.018913
"Donaldsonville, LA",24391,14571,30.105600,-90.985458
"Dothan, AL",24472,68781,31.223249,-85.393372
"Douglas, AZ",24499,17673,31.344469,-109.551643
"Douglas, GA",24526,14154,31.505690,-82.849564
"Dover, DE",24580,110769,39.158031,-75.524727
"Dover, NH",24607,88087,43.193459,-70.874184
"Dublin, GA",24715,20999,32.538940,-82.907280
"DuBois, PA",24796,11898,41.119770,-78.759743
"Dubuque, IA",24823,67818,42.499130,-90.663269
"Duluth, MN",24850,120378,46.787960,-92.099854
"Dumas, TX",24904,14836,35.845348,-101.973412
"Duncan, OK",24931,21301,34.501862,-97.957542
"Dunkirk, NY",25012,25514,42.487240,-79.335777
"Dunn, NC",25039,14823,35.306709,-78.608681
"Durango, CO",25147,17982,37.273670,-107.879303
"Durant, OK",25201,16402,33.993198,-96.386017
"Durham, NC",25228,347602,35.995419,-78.896439
"Dyersburg, TN",25309,21903,36.034050,-89.385490
"Eagle Pass, TX",25498,49236,28.709530,-100.499603
"Earlimart, CA",25579,13211,35.877430,-119.268509
"East Liverpool, OH",25687,31564,40.620579,-80.580673
"Easton, MD",25741,17132,38.773899,-76.074753
"East Stroudsburg, PA",25849,54316,40.994549,-75.178062
"Eau Claire, WI",26038,102852,44.816582,-91.500771
"Eden, NC",26092,17187,36.503460,-79.743736
"Edwards, CO",26275,17326,39.644360,-106.593529
"Effingham, IL",26308,13800,39.119621,-88.537567
"El Campo, TX",26389,11719,29.218050,-96.287949
"El Centro, CA",26416,107672,32.796162,-115.569969
"El Dorado, AR",26470,18944,33.211510,-92.665459
"El Dorado, KS",26524,14724,37.817249,-96.849792
"Elgin, TX",26659,10043,30.349010,-97.370972
"Elizabeth City, NC",26686,23905,36.301498,-76.219757
"Elizabethtown, KY",26750,73467,37.693668,-85.859123
"Elk City, OK",26767,10855,35.412300,-99.417236
"Elkhart, IN",26794,143592,41.686760,-85.975670
"Elkhorn, WI",26821,12484,42.671879,-88.545433
"Elkins, WV",26875,11061,38.924019,-79.844490
"Elko, NV",26902,18948,40.835678,-115.767540
"Ellensburg, WA",26983,20987,46.997028,-120.548721
"Ellwood City, PA",27085,13006,40.861469,-80.282516
"Elmira, NY",27118,67983,42.090408,-76.798813
"El Paso, TX",27253,803086,31.759159,-106.487488
"El Paso de Robles (Paso Robles), CA",27261,65088,35.625519,-120.691299
"El Reno, OK",27280,15069,35.533829,-97.956039
"Emporia, KS",27523,24830,38.405602,-96.180161
"Enid, OK",27631,47609,36.397621,-97.878342
"Ennis, TX",27658,18258,32.329552,-96.623703
"Enterprise, AL",27685,36427,31.315149,-85.854622
"Erie, PA",27766,196611,42.129822,-80.085503
"Escanaba, MI",27847,20850,45.745548,-87.079758
"Espanola, NM",27874,26418,35.991131,-106.080582
"Estrella, AZ",27991,11108,33.002491,-112.420593
"Eugene, OR",28117,247421,44.049919,-123.088539
"Eunice, LA",28144,11940,30.492149,-92.415169
"Eureka, CA",28198,45034,40.803268,-124.159531
"Eureka, MO",28262,11260,38.502220,-90.627998
"Evanston, WY",28306,12017,41.267479,-110.963982
"Evansville, IN",28333,229351,37.977081,-87.564049
"Evergreen, CO",28441,13556,39.632931,-105.319031
"Excelsior Springs, MO",28495,10943,39.339211,-94.226173
"Fairbanks, AK",28549,64513,64.845253,-147.722107
"Fairfield, CA",28657,133683,38.249241,-122.044296
"Fairfield, IA",28711,10320,41.006641,-91.962807
"Fairmont, WV",28873,33409,39.481571,-80.147202
"Fajardo, PR",28981,85225,18.328119,-65.653320
"Fallon, NV",29035,16241,39.474911,-118.777969
"Fargo, ND",29089,176676,46.875912,-96.781761
"Faribault, MN",29116,23696,44.295078,-93.271500
"Farmington, MO",29251,39370,37.780430,-90.420471
"Farmington, NM",29278,53049,36.728142,-108.205688
"Fayetteville, NC",29440,310282,35.055340,-78.877274
"Fayetteville, AR",29494,295083,36.063202,-94.157913
"Fergus Falls, MN",29575,12081,46.278622,-96.072388
"Fernandina Beach, FL",29602,25239,30.669991,-81.463829
"Fernley, NV",29656,18979,39.601131,-119.246483
"Fillmore, CA",29710,15081,34.398472,-118.913322
"Findlay, OH",29737,48441,41.037601,-83.650299
"Firestone, CO",29775,21474,40.116859,-104.938812
"Fitzgerald, GA",29791,11638,31.714970,-83.252258
"Flagstaff, AZ",29818,71957,35.198200,-111.651299
"Flint, MI",29872,356218,43.011440,-83.686790
"Florence, AL",29953,77074,34.800598,-87.674889
"Florence, AZ",29980,16586,33.045349,-111.386299
"Florence, OR",30034,10177,43.969131,-124.107208
"Florence, SC",30061,89557,34.193668,-79.768188
"Florida, PR",30115,71747,18.373425,-66.560165
"Foley, AL",30171,26469,30.406071,-87.683800
"Fond du Lac, WI",30223,54901,43.773022,-88.447090
"Forest City, NC",30331,26418,35.333809,-81.864883
"Forest Lake, MN",30358,21816,45.282299,-92.984093
"Forney, TX",30439,27051,32.749039,-96.470467
"Forrest City, AR",30466,13690,35.011421,-90.786201
"Fort Atkinson, WI",30547,21105,42.926369,-88.837013
"Fort Bragg, CA",30574,10348,39.446720,-123.805923
"Fort Collins, CO",30628,264465,40.581470,-105.076622
"Fort Dodge, IA",30682,25122,42.501549,-94.177643
"Fort Leonard Wood, MO",30748,29257,37.769711,-92.116699
"Fort Madison, IA",30763,10848,40.630211,-91.329277
"Fort Morgan, CO",30817,13178,40.254639,-103.801483
"Fort Polk, LA",30871,14300,31.053030,-93.220818
"Fort Smith, AR",30925,122947,35.384701,-94.421448
"Fortuna, CA",30979,13084,40.597771,-124.155540
"Fort Valley, GA",31033,10605,32.553902,-83.888641
"Fort Walton Beach, FL",31060,191917,30.404240,-86.615303
"Fort Wayne, IN",31087,313492,41.080261,-85.138313
"Fostoria, OH",31114,14694,41.155682,-83.412354
"Four Corners, FL",31150,35549,28.332870,-81.647377
"Frankfort, IN",31222,16684,40.282139,-86.510719
"Frankfort, KY",31249,35734,38.195068,-84.878693
"Franklin, LA",31303,14617,29.792250,-91.497650
"Franklin, NJ",31450,35436,41.116821,-74.591599
"Frederick, MD",31519,141576,39.415741,-77.412033
"Fredericksburg, TX",31573,11511,30.274990,-98.872108
"Fredericksburg, VA",31600,141238,38.301182,-77.459328
"Freeport, IL",31681,25980,42.297291,-89.621651
"Fremont, NE",31762,27471,41.434410,-96.498596
"Fremont, OH",31789,23332,41.347542,-83.114189
"Fresno, CA",31843,654628,36.740952,-119.785362
"Front Royal, VA",31924,18638,38.917980,-78.193550
"Fulton, MO",32086,12197,38.846970,-91.947060
"Gadsden, AL",32113,64172,34.014771,-86.007172
"Gaffney, SC",32140,20844,35.073620,-81.648659
"Gainesville, FL",32167,187781,29.651951,-82.322777
"Gainesville, GA",32194,130846,34.297379,-83.825310
"Gainesville, TX",32221,15746,33.624271,-97.143021
"Galesburg, IL",32329,36001,40.946911,-90.364662
"Galion, OH",32356,15966,40.733891,-82.789413
"Galliano, LA",32383,21437,29.435499,-90.298424
"Gallup, NM",32437,23114,35.527840,-108.743561
"Galt, CA",32451,24912,38.252991,-121.300812
"Galveston, TX",32491,44022,29.295321,-94.807907
"Garapan, MP",32506,46203,15.207546,145.719467
"Garden City, KS",32518,29942,37.969189,-100.873199
"Gardnerville Ranchos, NV",32572,20107,38.888771,-119.740334
"Gastonia, NC",32653,169495,35.262211,-81.187019
"Gatesville, TX",32707,15310,31.434900,-97.743530
"Geneva, NY",32842,29990,42.866421,-76.982178
"Georgetown, KY",32977,30764,38.227547,-84.623169
"Georgetown, SC",33031,12320,33.368301,-79.280746
"Gillette, WY",33247,32721,44.293179,-105.504761
"Gilroy, CA",33328,98413,37.004410,-121.571747
"Glasgow, KY",33436,13569,36.993549,-85.914017
"Glens Falls, NY",33598,65443,43.311218,-73.643761
"Glenwood Springs, CO",33652,11581,39.546028,-107.323700
"Globe, AZ",33679,13515,33.395920,-110.789200
"Gloversville, NY",33733,29226,43.050621,-74.344460
"Goldsboro, NC",33814,61054,35.385960,-77.996849
"Gramercy, LA",34151,15279,30.047550,-90.689423
"Granbury, TX",34165,28250,32.442348,-97.794258
"Grand Forks, ND",34219,61270,47.924332,-97.031731
"Grand Island, NE",34246,50440,40.924740,-98.339897
"Grand Junction, CO",34273,128124,39.068790,-108.564453
"Grand Rapids, MI",34300,569935,42.966419,-85.671951
"Grandview, WA",34381,18407,46.256062,-119.901230
"Grants, NM",34489,12152,35.150631,-107.849876
"Grants Pass, OR",34516,50520,42.443451,-123.324493
"Grass Valley, CA",34597,34308,39.219261,-121.061501
"Great Bend, KS",34705,16177,38.366009,-98.765137
"Great Falls, MT",34759,65207,47.507320,-111.306068
"Greeley, CO",34786,117825,40.423271,-104.694458
"Green Bay, WI",34813,206520,44.513000,-88.010010
"Greencastle, IN",34840,10625,39.644001,-86.860771
"Greeneville, TN",34894,23957,36.162922,-82.831039
"Greenfield, CA",34921,16451,36.319080,-121.241798
"Greenfield, MA",34975,22965,42.587582,-72.598427
"Green River, WY",35083,12672,41.528851,-109.466942
"Greensboro, NC",35164,311810,36.069080,-79.795029
"Greensburg, IN",35191,11560,39.337681,-85.484901
"Greenville, MS",35353,35025,33.398960,-91.037781
"Greenville, NC",35380,117798,35.612148,-77.380760
"Greenville, OH",35407,13337,40.103062,-84.634033
"Greenville, PA",35434,10771,41.405472,-80.387817
"Greenville, SC",35461,400492,34.848289,-82.400101
"Greenville, TX",35488,23283,33.139069,-96.106781
"Greenwood, MS",35569,22380,33.517109,-90.180389
"Greenwood, SC",35596,42103,34.191040,-82.160744
"Grenada, MS",35623,10481,33.783981,-89.809998
"Grove City, PA",35812,11886,41.157688,-80.088348
"Guayama, PR",35866,80155,17.985201,-66.113152
"Gulfport, MS",35920,208948,30.380320,-89.091888
"Gun Barrel City, TX",35974,14884,32.330898,-96.146667
"Guymon, OK",36109,11338,36.681648,-101.481567
"Hagerstown, MD",36190,182696,39.642502,-77.717583
"Hailey, ID",36217,10453,43.521069,-114.316437
"Haleiwa, HI",36231,13770,21.589970,-158.102844
"Half Moon Bay, CA",36271,20713,37.463470,-122.429253
"Hammond, LA",36514,67629,30.504169,-90.458458
"Hammonton, NJ",36541,13152,39.635948,-74.803596
"Hampstead, NC",36585,10716,34.367458,-77.710701
"Hanford, CA",36703,87941,36.327431,-119.645889
"Hannibal, MO",36730,18472,39.703548,-91.375908
"Hanover, PA",36784,66301,39.800739,-76.982857
"Harlingen, TX",36892,135663,26.189859,-97.695549
"Harriman, TN",36946,23515,35.934341,-84.551620
"Harrisburg, PA",37081,444474,40.259861,-76.882233
"Harrison, AR",37108,13950,36.228630,-93.110031
"Harrison, OH",37145,12910,39.262032,-84.816528
"Harrisonburg, VA",37162,66784,38.451630,-78.869698
"Hartford, CT",37243,924859,41.763748,-72.673943
"Hartsville, SC",37405,15125,34.375019,-80.073753
"Hastings, MN",37540,22328,44.742290,-92.851387
"Hastings, NE",37567,24312,40.585678,-98.392433
"Hattiesburg, MS",37594,80358,31.327351,-89.290710
"Havelock, NC",37675,21596,34.875580,-76.903450
"Hawaiian Paradise Park, HI",37716,20503,19.590891,-154.969818
"Hays, KS",37783,21180,38.871201,-99.332909
"Hazleton, PA",37945,56827,40.954788,-75.976791
"Heber, UT",38053,17212,40.506901,-111.413239
"Helena, MT",38161,45055,46.589760,-112.020653
"Helena-West Helena, AR",38172,11321,34.529099,-90.589996
"Hemet, CA",38215,163379,33.749371,-116.967598
"Henderson, NC",38269,20858,36.330059,-78.398483
"Henderson, TX",38323,15187,32.153259,-94.799271
"Hereford, TX",38431,15941,34.812160,-102.405762
"Hermiston, OR",38485,27790,45.840511,-119.289467
"Hibbing, MN",38620,11616,47.421051,-92.941742
"Hickory, NC",38647,212195,35.734909,-81.335602
"Highland, IL",38755,11525,38.739422,-89.676720
"High Point, NC",38809,166485,35.955360,-80.005203
"Hillsdale, MI",38998,11646,41.922909,-84.631844
"Hilo, HI",39052,43925,19.719240,-155.081848
"Hilton Head Island, SC",39079,68998,32.155102,-80.762527
"Hinesville, GA",39133,51456,31.851139,-81.583656
"Hobbs, NM",39214,36696,32.696571,-103.128532
"Holland, MI",39430,99941,42.773579,-86.102257
"Hollister, CA",39511,42002,36.852539,-121.403633
"Homosassa Springs, FL",39758,80962,28.805630,-82.575417
"Hood River, OR",39916,14653,45.708851,-121.510727
"Hopkinsville, KY",40078,32491,36.867352,-87.487648
"Hornell, NY",40132,10997,42.327332,-77.660820
"Hot Springs, AR",40213,55121,34.509602,-93.051773
"Houghton, MI",40294,15452,47.121861,-88.570023
"Houma, LA",40375,144875,29.597330,-90.719131
"Houston, TX",40429,4944332,29.760780,-95.369522
"Hudson, NY",40537,11512,42.252819,-73.791428
"Hudson, WI",40547,22395,44.982140,-92.757202
"Huntingdon, PA",40699,11385,40.484669,-78.011391
"Huntington, IN",40726,18207,40.882839,-85.494247
"Huntington, WV",40753,202637,38.420311,-82.445511
"Huntsville, AL",40780,286692,34.729290,-86.585098
"Huntsville, TX",40807,36928,30.723780,-95.552170
"Huron, SD",40861,12637,44.363850,-98.214142
"Hurricane, UT",40888,16336,37.177101,-113.284767
"Hutchinson, KS",40915,44320,38.057251,-97.932480
"Hutchinson, MN",40942,14054,44.890869,-94.369217
"Idaho Falls, ID",40996,90733,43.492111,-112.042267
"Ilion, NY",41023,24792,43.018398,-75.042168
"Immokalee, FL",41077,23160,26.418579,-81.419960
"Incline Village, NV",41100,13022,39.250351,-119.961723
"Indiana, PA",41185,28807,40.622898,-79.150146
"Indianapolis, IN",41212,1487483,39.766911,-86.150124
"Indianola, IA",41239,14281,41.358292,-93.559319
"Indianola, MS",41266,10408,33.450840,-90.644943
"Indio, CA",41347,345580,33.722130,-116.219421
"Ingleside, TX",41360,16522,27.881359,-97.209221
"Ionia, MI",41536,14409,42.983101,-85.064194
"Iowa City, IA",41590,106621,41.657822,-91.526527
"Iron Mountain, MI",41671,19228,45.820740,-88.065247
"Ishpeming, MI",41833,12301,46.488628,-87.669350
"Ithaca, NY",41914,53661,42.440510,-76.495461
"Jackson, MI",42157,90057,42.245548,-84.400497
"Jackson, MS",42211,351478,32.298870,-90.180450
"Jackson, TN",42265,71880,35.613899,-88.819397
"Jackson, WY",42319,11407,43.480240,-110.762360
"Jacksonville, FL",42346,1065219,30.331470,-81.656219
"Jacksonville, IL",42373,22669,39.745201,-90.231163
"Jacksonville, NC",42400,105419,34.749290,-77.421051
"Jacksonville, TX",42427,14075,31.963169,-95.270302
"Jackson, OH",42439,11768,39.054062,-82.639732
"Jamestown, NY",42481,43404,42.096050,-79.237801
"Jamestown, ND",42508,15284,46.910320,-98.708542
"Janesville, WI",42562,69658,42.687889,-89.018211
"Jasper, AL",42616,14156,33.831280,-87.280853
"Jasper, IN",42697,15759,38.391449,-86.932220
"Jayuya, PR",42778,11300,18.210655,-66.588470
"Jefferson, GA",42849,10443,34.118629,-83.570969
"Jefferson City, MO",42967,58533,38.577511,-92.177841
"Jefferson Township North, NJ",42978,13714,40.473530,-74.448128
"Jerome, ID",43048,10892,42.724121,-114.515808
"Jesup, GA",43102,12660,31.606670,-81.885918
"Jewett City, CT",43115,10119,41.602940,-71.975830
"Johnson City, TN",43210,120415,36.320080,-82.345177
"Johnstown, CO",43253,13693,40.336079,-104.906830
"Johnstown, PA",43291,69014,40.327259,-78.918350
"Jonesboro, AR",43345,65419,35.835251,-90.705070
"Joplin, MO",43399,82775,37.084759,-94.513474
"Juana Diaz, PR",43453,80928,18.049654,-66.495506
"Junction City, KS",43507,38787,39.028259,-96.830460
"Juneau, AK",43561,24537,58.299728,-134.406784
"Jupiter Farms, FL",43595,10962,26.923901,-80.218521
"Kahului, HI",43615,55934,20.891020,-156.467270
"Kailua (Hawaii County), HI",43642,28850,19.513424,-154.904587
"Kailua (Honolulu County), HI",43669,113682,21.394966,-157.739258
"Kalaheo, HI",43696,14840,21.924160,-159.526855
"Kalamazoo, MI",43723,209703,42.291569,-85.588387
"Kalispell, MT",43777,31785,48.201889,-114.315002
"Kankakee, IL",43885,81926,41.120010,-87.861038
"Kansas City, MO",43912,1519417,39.103439,-94.583107
"Kapaa, HI",43939,19063,22.077311,-159.316833
"Kearney, NE",44182,31287,40.700470,-99.083473
"Keene, NH",44209,22510,42.933350,-72.280602
"Kendallville, IN",44371,10399,41.440830,-85.265053
"Kennett, MO",44452,11241,36.236530,-90.055649
"Kennewick, WA",44479,210975,46.208038,-119.116982
"Kenosha, WI",44506,124064,42.588081,-87.823257
"Keokuk, IA",44560,13411,40.396961,-91.384567
"Kerman, CA",44587,13487,36.729340,-120.060257
"Kerrville, TX",44641,28810,30.051580,-99.145309
"Ketchikan, AK",44668,10352,55.342098,-131.647842
"Kewanee, IL",44722,12857,41.247299,-89.924858
"Key Largo, FL",44789,18121,25.165930,-80.378700
"Key West, FL",44857,32095,24.554501,-81.800232
"Kihei, HI",44911,25819,20.785000,-156.465561
"Kilgore, TX",44938,15957,32.380280,-94.869041
"Kill Devil Hills, NC",44965,19095,36.013649,-75.657089
"Killeen, TX",44992,217630,31.116890,-97.727371
"King City, CA",45073,14529,36.210861,-121.126602
"Kingman, AZ",45127,42107,35.188881,-114.055992
"Kingsport, TN",45235,106571,36.547798,-82.560417
"Kingston, NY",45262,57442,41.926979,-73.997368
"Kingsville, TX",45316,26011,27.515730,-97.855431
"Kinston, NC",45397,29083,35.268688,-77.581802
"Kirksville, MO",45424,15914,40.196819,-92.572021
"Kissimmee, FL",45451,314071,28.294571,-81.406631
"Kittanning, PA",45478,14072,40.814362,-79.519447
"Klamath Falls, OR",45505,41434,42.223881,-121.782059
"Knoxville, TN",45640,558696,35.960678,-83.921028
"Kokomo, IN",45694,62182,40.486511,-86.126244
"Kuna, ID",45775,15234,43.488441,-116.421959
"Kutztown, PA",45802,10002,40.518509,-75.776489
"LaBelle, FL",45829,12054,26.767349,-81.437393
"Laconia, NH",45856,18636,43.528069,-71.468941
"La Crosse, WI",45910,100868,43.812672,-91.252060
"Lady Lake, FL",45937,112991,28.932610,-81.927948
"Lafayette, IN",46018,147725,40.417381,-86.875977
"Lafayette, LA",46045,252720,30.220320,-92.017052
"Lafayette, CO",46126,79407,39.988281,-105.090523
"La Follette, TN",46153,21055,36.360859,-84.141937
"La Grande, OR",46207,14909,45.329552,-118.095947
"LaGrange, GA",46234,34879,33.041420,-85.031082
"Lahaina, HI",46396,21331,20.878700,-156.678207
"Laie, HI",46423,15071,21.648670,-157.923233
"Lake Arrowhead, CA",46465,22175,34.250629,-117.191048
"Lake Charles, LA",46531,143440,30.224030,-93.220108
"Lake City, FL",46558,25623,30.190519,-82.637123
"Lake Conroe Eastshore, TX",46639,10121,30.164471,-95.472511
"Lake Conroe Westshore, TX",46666,20569,44.779663,-72.068146
"Lake Geneva, WI",46693,14649,42.591782,-88.436188
"Lake Havasu City, AZ",46747,53427,34.474400,-114.346321
"Lake Jackson, TX",46801,74830,29.034361,-95.446297
"Lakeland, FL",46828,262596,28.044189,-81.947861
"Lake Los Angeles, CA",46855,11808,34.606129,-117.824463
"Lake Placid, FL",47010,16351,27.296690,-81.366653
"Lakeport, CA",47071,16583,39.043709,-122.915161
"Lakes, AK",47132,44236,61.607121,-149.308609
"Lamesa, TX",47395,11579,32.736549,-101.951721
"Lancaster, OH",47503,42557,39.713791,-82.604279
"Lancaster, PA",47530,402004,40.038319,-76.301338
"Lancaster, SC",47557,23979,34.720959,-80.771118
"Lancaster, CA",47611,341219,34.698929,-118.144783
"Lansing, MI",47719,313532,42.731941,-84.552254
"Lapeer, MI",47746,13424,43.052601,-83.315361
"Laramie, WY",47827,31965,41.310799,-105.590347
"Laredo, TX",47854,235730,27.530920,-99.502228
"Las Cruces, NM",47935,128600,32.306911,-106.777847
"Las Vegas, NM",47989,15609,35.595669,-105.216301
"Las Vegas, NV",47995,1886011,36.171928,-115.140007
"Laurel, MS",48043,26131,31.696819,-89.135178
"Laurens, SC",48151,10336,34.499699,-82.014862
"Laurinburg, NC",48178,21161,34.774422,-79.463577
"Lawrence, KS",48232,88053,38.973068,-95.236183
"Lawrenceburg, KY",48259,12475,38.037189,-84.895866
"Lawrenceburg, TN",48286,10100,35.241001,-87.331459
"Lawrenceburg, IN",48313,12977,39.092480,-84.851799
"Lawton, OK",48394,94457,34.605179,-98.389923
"Leavenworth, KS",48475,45283,39.319641,-94.915672
"Lebanon, IN",48502,15415,40.047581,-86.467758
"Lebanon, MO",48556,14046,37.678001,-92.660507
"Lebanon, OR",48637,19744,44.536888,-122.907043
"Lebanon, PA",48664,77086,40.330490,-76.425880
"Lebanon, TN",48691,27653,36.207859,-86.289520
"Lebanon, NH",48728,25690,43.645081,-72.253799
"Leesburg, FL",48799,131337,28.811100,-81.877281
"Lee's Summit, MO",48826,85081,38.914391,-94.375504
"Leominster, MA",49096,116960,42.526878,-71.761940
"Levelland, TX",49204,13796,33.587330,-102.378548
"Lewes, DE",49231,24129,38.780430,-75.130798
"Lewisburg, TN",49258,10464,35.449108,-86.788803
"Lewiston, ID",49312,51924,46.418732,-117.017052
"Lewiston, ME",49339,59397,44.098560,-70.218338
"Lewistown, PA",49393,22181,40.597340,-77.574371
"Lexington, NE",49474,10464,40.777748,-99.739502
"Lexington-Fayette, KY",49582,290263,38.048592,-84.500320
"Lexington Park, MD",49594,58875,38.265640,-76.452751
"Liberal, KS",49636,20329,37.032398,-100.926804
"Lihue, HI",49771,13983,21.975050,-159.369080
"Lima, OH",49852,72852,40.742691,-84.107452
"Lincoln, IL",49906,18224,40.152061,-89.357910
"Lincoln, NE",49933,258719,40.813622,-96.707298
"Lincoln City, OR",49960,10526,44.930092,-124.017677
"Lincolnton, NC",49987,22686,35.471748,-81.255760
"Lindale, TX",50014,10021,32.516510,-95.409866
"Lindsay, CA",50041,14610,36.203869,-119.089256
"Little Rock, AR",50392,431388,34.748699,-92.274849
"Livermore, CA",50527,81624,37.675701,-121.758560
"Lockhart, TX",50743,12337,29.884760,-97.671852
"Lock Haven, PA",50770,17741,41.137661,-77.442230
"Lockport, NY",50797,36024,43.169258,-78.695107
"Lodi, CA",50851,68738,38.130180,-121.275520
"Logan, UT",50959,94983,41.736912,-111.834824
"Logan, WV",50986,10747,37.847359,-81.994301
"Lompoc, CA",51040,51509,34.640480,-120.457878
"London, OH",51121,14260,39.886200,-83.448387
"London, KY",51131,37367,37.127232,-84.083832
"Longmont, CO",51175,90897,40.163940,-105.100220
"Long Neck, DE",51202,14150,38.619732,-75.151093
"Longview, TX",51256,98884,32.500641,-94.740608
"Longview, WA",51283,63952,46.146809,-122.950577
"Lorain, OH",51364,180956,41.468201,-82.178146
"Los Alamos, NM",51418,10893,35.881008,-106.305222
"Los Angeles, CA",51445,12150996,34.053570,-118.245453
"Los Banos, CA",51472,35917,37.061378,-120.847580
"Los Lunas, NM",51499,63758,34.811871,-106.742943
"Louisville/Jefferson County, KY",51755,972546,38.254890,-85.766663
"Lovington, NM",51769,11592,32.944450,-103.348633
"Lubbock, TX",51877,237356,33.584511,-101.845009
"Ludington, MI",51958,10710,43.955471,-86.452332
"Lufkin, TX",51985,44927,31.342390,-94.718262
"Lumberton, NC",52066,29739,34.618980,-79.013977
"Lynchburg, VA",52201,116636,37.414200,-79.142998
"Lynden, WA",52228,14533,48.942902,-122.450790
"McAlester, OK",52363,19501,34.933971,-95.769608
"McAllen, TX",52390,728825,26.207701,-98.229309
"Macclenny, FL",52417,10984,30.282459,-82.121857
"McComb, MS",52471,16388,31.245741,-90.454102
"McFarland, CA",52552,12826,35.677460,-119.227966
"McKinney, TX",52687,170030,33.199162,-96.614998
"McMinnville, OR",52741,38970,45.209202,-123.199127
"McMinnville, TN",52768,15386,35.680939,-85.774490
"Macomb, IL",52795,19945,40.459930,-90.669456
"Macon, GA",52822,137570,32.839939,-83.628021
"McPherson, KS",52903,13083,38.369350,-97.665848
"Madera, CA",52984,78413,36.962051,-120.063988
"Madison, IN",53092,18271,38.736328,-85.380539
"Madison, WI",53200,401661,43.073132,-89.386436
"Madisonville, KY",53227,24809,37.327869,-87.498901
"Magnolia, AR",53362,10438,33.267502,-93.240860
"Mahomet, IL",53416,11044,40.191898,-88.406837
"Malone, NY",53524,10825,44.848789,-74.294968
"Malvern, AR",53551,11186,34.362782,-92.812729
"Manchester, NH",53740,158377,42.991199,-71.463097
"Manchester, TN",53767,11379,35.475971,-86.080688
"Mandeville, LA",53794,88925,30.372499,-90.079109
"Manhattan, KS",53848,54622,39.178810,-96.561836
"Manitowoc, WI",53956,46360,44.107868,-87.661720
"Mankato, MN",53983,57584,44.167400,-94.002411
"Mansfield, OH",54091,75250,40.758541,-82.515244
"Manteca, CA",54145,83578,37.799171,-121.232193
"Maricopa, AZ",54477,42337,33.059299,-112.048088
"Marietta, OH",54486,22428,39.423931,-81.461189
"Marinette, WI",54496,19431,45.099758,-87.633011
"Marion, IN",54577,43519,40.558811,-85.660667
"Marion, NC",54631,13363,35.684311,-82.008377
"Marion, OH",54658,46384,40.583820,-83.128517
"Marion Oaks, FL",54739,14160,29.025681,-82.181351
"Marquette, MI",54874,26946,46.545841,-87.412628
"Marshall, MN",54982,13464,44.449009,-95.791672
"Marshall, MO",55009,12665,39.120270,-93.195808
"Marshall, TX",55036,21979,32.546341,-94.350113
"Marshalltown, IA",55090,26858,42.049770,-92.908020
"Marshfield, WI",55144,19421,44.666981,-90.173630
"Martin, TN",55171,11397,36.342930,-88.850471
"Martinsville, IN",55225,13276,39.427860,-86.426712
"Martinsville, VA",55252,35091,36.689960,-79.868813
"Marysville, OH",55306,22348,40.235321,-83.366737
"Marysville, WA",55333,145140,48.061138,-122.176903
"Maryville, MO",55360,13220,40.347462,-94.872902
"Mason City, IA",55414,27115,43.146671,-93.201088
"Massena, NY",55468,11259,44.931820,-74.892982
"Mattoon, IL",55576,18978,39.481548,-88.375847
"Mauldin, SC",55603,120577,34.778751,-82.309097
"Mayaguez, PR",55738,109572,18.203680,-67.146896
"Mayfield, KY",55765,11356,36.741440,-88.634590
"Maysville, KY",55819,11454,38.645390,-83.760139
"Meadville, PA",55900,23887,41.636509,-80.151573
"Mecca, CA",55927,11253,33.571949,-116.073418
"Medford, OR",55981,154081,42.323559,-122.875610
"Memphis, TN",56116,1060061,35.149761,-90.049248
"Mendota, CA",56170,11211,36.754059,-120.378838
"Menomonie, WI",56224,17844,44.881592,-91.929382
"Merced, CA",56251,136969,37.301521,-120.486900
"Meridian, MS",56305,41531,32.365082,-88.703079
"Merrill, WI",56359,10282,45.180950,-89.693741
"Mesquite, NV",56413,14284,36.803928,-114.066689
"Mexico, MO",56548,11356,39.172630,-91.887253
"Miami, FL",56602,5502379,25.774811,-80.197731
"Miami, OK",56629,16144,36.874039,-94.877563
"Michigan City, IN",56656,66025,41.719360,-86.903168
"Middlesborough, KY",56818,15330,36.618202,-83.762856
"Middletown, DE",56845,29415,39.450279,-75.716843
"Middletown, NY",56899,58381,41.445839,-74.422607
"Middletown, OH",56926,97503,39.511631,-84.402863
"Midland, MI",56980,59014,43.617081,-84.245064
"Midland, TX",57007,117807,32.000019,-102.074463
"Milford, DE",57196,18009,38.910702,-75.428543
"Milledgeville, GA",57223,29808,33.081509,-83.225479
"Milton, PA",57439,30806,41.020241,-76.854134
"Milwaukee, WI",57466,1376476,43.042229,-87.906898
"Minden, LA",57493,13338,32.615181,-93.286003
"Mineral Wells, TX",57574,16109,32.810719,-98.072449
"Minneapolis, MN",57628,2650890,44.979019,-93.264938
"Minot, ND",57655,42650,48.236099,-101.296097
"Mission Viejo, CA",57709,583681,33.620071,-117.677094
"Missoula, MT",57736,82157,46.872780,-113.996246
"Mitchell, SD",57817,14955,43.702141,-98.028679
"Moberly, MO",57898,13933,39.427959,-92.433273
"Mobile, AL",57925,326183,30.686480,-88.052971
"Modesto, CA",58006,358172,37.641548,-121.003464
"Monessen, PA",58168,66086,40.161030,-79.882172
"Monmouth, OR",58249,18167,44.848549,-123.237007
"Monroe, GA",58303,15854,33.795841,-83.713417
"Monroe, LA",58330,116533,32.509830,-92.118790
"Monroe, MI",58357,51240,41.916061,-83.397903
"Monroe, WI",58384,10883,42.603020,-89.645058
"Montgomery, AL",58600,263907,32.380150,-86.300079
"Monticello, MN",58870,25536,45.305580,-93.794281
"Montrose, CO",58951,22706,38.478619,-107.877586
"Morehead City, NC",59194,44798,34.721790,-76.717583
"Morgan City, LA",59221,32022,29.701241,-91.202919
"Morgantown, WV",59275,70350,39.630531,-79.957710
"Morris, IL",59329,15668,41.358921,-88.424980
"Morristown, TN",59410,59036,36.215038,-83.293053
"Morro Bay, CA",59437,26772,35.366920,-120.846687
"Moscow, ID",59491,24212,46.732349,-117.000381
"Moses Lake, WA",59518,32978,47.131962,-119.277100
"Moultrie, GA",59572,18677,31.180429,-83.788834
"Mountain Home, AR",59680,14180,36.335258,-92.385292
"Mountain Home, ID",59707,16531,43.131512,-115.693466
"Mount Airy, NC",59815,19457,36.499298,-80.607292
"Mount Pleasant, MI",60112,37447,43.597229,-84.768150
"Mount Pleasant, TX",60166,15987,33.156792,-94.968269
"Mount Pocono, PA",60195,24216,41.122028,-75.364632
"Mount Sterling, KY",60274,10835,38.056469,-83.943260
"Mount Vernon, IL",60328,16008,38.317280,-88.903641
"Mount Vernon, OH",60463,22153,40.393398,-82.485718
"Mount Vernon, WA",60490,62966,48.421219,-122.334053
"Mukwonago, WI",60517,20255,42.893280,-88.385269
"Muncie, IN",60625,90580,40.193161,-85.381729
"Murfreesboro, TN",60733,133228,35.845081,-86.395027
"Murray, KY",60787,19072,36.610340,-88.302101
"Murrieta, CA",60799,441546,33.558430,-117.211792
"Muscatine, IA",60814,25342,41.422081,-91.043167
"Muskegon, MI",60841,161280,43.234249,-86.244820
"Muskogee, OK",60868,42052,35.748482,-95.369049
"Myrtle Beach, SC",60895,215304,33.693729,-78.882317
"Mystic Island, NJ",60930,22217,39.544281,-74.382370
"Nacogdoches, TX",60949,34546,31.603781,-94.655899
"Nampa, ID",60976,151499,43.582630,-116.569618
"Napa, CA",61057,83913,38.299110,-122.285408
"Nashua, NH",61165,226400,42.758808,-71.464417
"Nashville-Davidson, TN",61273,969587,36.167839,-86.778160
"Natchez, MS",61327,28199,31.559210,-91.398209
"Natchitoches, LA",61354,19763,31.760950,-93.086983
"Neosho, MO",61543,11955,36.868481,-94.365356
"Newark, NY",61678,13799,43.046322,-77.095222
"Newark, OH",61705,76068,40.060268,-82.404053
"New Bedford, MA",61786,149443,41.637798,-70.930893
"Newberg, OR",61813,27001,45.300320,-122.975578
"New Bern, NC",61840,50503,35.108471,-77.041512
"Newberry, SC",61894,12046,34.274551,-81.619240
"New Castle, IN",62137,22816,39.931221,-85.369568
"New Castle, PA",62164,41907,41.001968,-80.347237
"New Freedom, PA",62353,14179,39.738400,-76.701920
"New Haven, CT",62407,562839,41.308010,-72.924316
"Newman, CA",62569,10223,37.317329,-121.022011
"New Orleans, LA",62677,899703,29.953699,-90.077751
"New Philadelphia, OH",62731,46366,40.489761,-81.446388
"Newport, OR",62839,11188,44.632271,-124.057602
"Newport, TN",62893,11603,35.966671,-83.184929
"Newton, IA",63082,15655,41.699268,-93.042862
"Newton, KS",63109,20654,38.053291,-97.345131
"Newton, NJ",63137,11941,41.058571,-74.753189
"New Ulm, MN",63163,13367,44.312450,-94.460678
"New York, NY",63217,18351295,40.714550,-74.007141
"Nicholasville, KY",63244,28058,37.886791,-84.570351
"Nipomo, CA",63282,15882,35.042709,-120.476288
"Nogales, AZ",63325,32044,31.337830,-110.940063
"Norfolk, NE",63406,26769,42.032711,-97.411057
"Norman, OK",63433,103898,35.220970,-97.446098
"North Adams, MA",63460,18470,42.699909,-73.115044
"Northfield, MN",63676,21535,44.449600,-93.153763
"North Platte, NE",63811,25213,41.136318,-100.763329
"North Port, FL",63838,169541,27.075140,-82.206810
"North Vernon, IN",63865,11354,39.005760,-85.623917
"North Wilkesboro, NC",63946,18264,36.160999,-81.142769
"Norton, VA",64027,10510,36.936020,-82.623138
"Norwalk, OH",64054,20806,41.242161,-82.615379
"Norwich, CT",64135,209190,41.526760,-72.075684
"Oak Harbor, WA",64378,33004,48.290611,-122.647217
"Oak Island, NC",64459,11226,33.908981,-78.108749
"Ocala, FL",64567,156909,29.187750,-82.140411
"Ocean Pines, MD",64660,33105,38.395489,-75.155220
"Ocean View, DE",64702,12342,38.546452,-75.090050
"Odessa, TX",64864,126405,31.849150,-102.375191
"Ogden, UT",64945,546026,41.222569,-111.970467
"Ogdensburg, NY",64972,11344,44.694241,-75.489937
"Oil City, PA",64999,15296,41.428169,-79.711960
"Okeechobee, FL",65026,25378,27.243740,-80.832237
"Oklahoma City, OK",65080,861505,35.472031,-97.521072
"Okmulgee, OK",65107,14053,35.623260,-95.976288
"Olean, NY",65161,22324,42.077610,-78.428139
"Olympia, WA",65242,176617,47.039558,-122.891663
"Omaha, NE",65269,725008,41.260681,-95.940262
"Oneida, NY",65404,21784,43.099380,-75.655602
"Oneonta, NY",65512,17229,42.455601,-75.059921
"Ontario, OR",65539,25539,44.025688,-116.965858
"Opelousas, LA",65593,25534,30.533001,-92.082352
"Orangeburg, SC",65701,33506,33.489349,-80.864723
"Oregon, WI",65809,11059,42.916691,-89.387123
"Orlando, FL",65863,1510516,28.538231,-81.377388
"Orosi, CA",65917,15150,36.545589,-119.286919
"Oroville, CA",65944,37122,39.513882,-121.556099
"Oshkosh, WI",66160,74495,44.024910,-88.544434
"Oskaloosa, IA",66187,12545,41.296921,-92.645081
"Oswego, NY",66241,39385,43.456459,-76.511192
"Othello, WA",66268,11207,46.826160,-119.174202
"Otsego, MI",66285,11740,42.460510,-85.696854
"Ottawa, IL",66295,20612,41.346561,-88.842659
"Ottawa, KS",66322,12450,38.608860,-95.268669
"Ottumwa, IA",66376,24771,41.020458,-92.416199
"Owatonna, MN",66430,25394,44.093380,-93.229378
"Owensboro, KY",66484,70543,37.774212,-87.113510
"Owosso, MI",66538,22426,42.997581,-84.176247
"Oxford, MS",66565,25768,34.364021,-89.518944
"Oxford, OH",66619,21376,39.510490,-84.742752
"Oxnard, CA",66673,367260,34.200340,-119.180122
"Ozark, AL",66690,12066,31.458950,-85.640709
"Pacific, MO",66740,10327,38.483829,-90.741409
"Paducah, KY",66781,48791,37.085709,-88.595848
"Pahrump, NV",66943,28446,36.213570,-115.991409
"Palatka, FL",67051,23982,29.648581,-81.637367
"Palestine, TX",67078,19254,31.761700,-95.632004
"Palm Bay, FL",67105,452791,27.999901,-80.672623
"Palm Coast, FL",67134,349064,29.549360,-81.230507
"Pampa, TX",67240,18166,35.531872,-100.958771
"Panama City, FL",67294,143280,30.159870,-85.660332
"Paradise, CA",67375,34725,39.750771,-121.607727
"Paragould, AR",67402,24620,36.056950,-90.487373
"Paris, KY",67510,11042,38.209721,-84.252678
"Paris, TN",67537,10642,36.301891,-88.326248
"Paris, TX",67564,26349,33.661282,-95.563560
"Park City, UT",67618,13352,40.643848,-111.494331
"Parkersburg, WV",67672,67229,39.263721,-81.558571
"Parlier, CA",67753,14490,36.614700,-119.547722
"Parsons, KS",67780,10298,37.340511,-95.258392
"Pascagoula, MS",67807,50428,30.365601,-88.556480
"Patterson, CA",67861,20781,37.472900,-121.129448
"Pawleys Island, SC",67996,11532,33.438641,-79.127541
"Paw Paw Lake, MI",68106,11589,42.211891,-86.271873
"Payson, AZ",68158,14210,34.231602,-111.324463
"Pecos, TX",68266,11785,31.425640,-103.494232
"Pell City, AL",68374,11096,33.586079,-86.286407
"Pendleton, OR",68428,17216,45.671791,-118.786400
"Pensacola, FL",68482,340067,30.420839,-87.217232
"Peoria, IL",68509,266921,40.692360,-89.587990
"Peru, IN",68806,13095,40.752441,-86.068077
"Peru, IL",68833,32048,41.327621,-89.128502
"Petaluma, CA",68887,64078,38.232471,-122.644440
"Philadelphia, PA",69076,5441567,39.952221,-75.162178
"Philipsburg, PA",69130,10015,40.896210,-78.221039
"Phoenix, AZ",69184,3629114,33.448250,-112.075798
"Picayune, MS",69211,16792,30.526529,-89.679680
"Pierre, SD",69292,14425,44.369049,-100.349998
"Pine Bluff, AR",69454,53495,34.223530,-92.003403
"Pinehurst, NC",69517,36272,35.191299,-79.471977
"Piqua, OH",69616,21104,40.147610,-84.239799
"Pittsburg, KS",69643,22918,37.410728,-94.704826
"Pittsburgh, PA",69697,1733853,40.438511,-79.997337
"Pittsfield, MA",69778,59124,42.447708,-73.254143
"Placerville, CA",69832,29700,38.727909,-120.803322
"Plainview, TX",69967,25810,34.197811,-101.698151
"Platteville, WI",70129,11236,42.735340,-90.479973
"Plattsburgh, NY",70156,29438,44.699131,-73.453033
"Pleasanton, TX",70237,12468,28.967760,-98.478821
"Plymouth, IN",70291,12498,41.343102,-86.309486
"Pocatello, ID",70426,69809,42.874969,-112.450562
"Poinciana, FL",70480,41922,28.140289,-81.458412
"Point Pleasant, OH",70507,11217,38.894581,-84.233482
"Ponca City, OK",70615,26047,36.703579,-97.079277
"Ponce, PR",70642,149539,18.011650,-66.614418
"Pontiac, IL",70669,12323,40.881161,-88.629204
"Poplar Bluff, MO",70804,20463,36.756981,-90.393272
"Portage, WI",70858,10391,43.538349,-89.457962
"Portales, NM",70912,12610,34.184311,-103.339600
"Port Angeles, WA",70939,22863,48.118721,-123.431297
"Port Arthur, TX",70993,153150,29.899401,-93.929489
"Port Clinton, OH",71047,13349,41.513290,-82.941452
"Porterville, CA",71074,70272,36.070961,-119.016190
"Port Huron, MI",71155,87106,42.975891,-82.429192
"Port Isabel, TX",71182,14950,26.077431,-97.208397
"Port Jervis, NY",71209,16787,41.374851,-74.691422
"Portland, ME",71263,203914,43.659149,-70.256683
"Portland, OR",71317,1849898,45.511791,-122.675629
"Portland, TN",71344,10869,36.579620,-86.515640
"Port Lavaca, TX",71371,11817,28.615959,-96.623573
"Port St. Lucie, FL",71479,376047,27.274811,-80.363670
"Portsmouth, NH",71506,88200,43.070660,-70.772171
"Portsmouth, OH",71533,36232,38.745350,-82.992729
"Pottstown, PA",71749,107682,40.246498,-75.648529
"Pottsville, PA",71776,43247,40.685459,-76.195389
"Poughkeepsie, NY",71803,423566,41.707119,-73.929153
"Prescott Valley, AZ",72112,84744,34.585999,-112.323151
"Price, UT",72235,14187,39.601009,-110.810989
"Princess Anne, MD",72262,10396,38.209782,-75.694946
"Prineville, OR",72424,10905,44.302921,-120.843758
"Providence, RI",72505,1190956,41.823872,-71.411987
"Provo, UT",72559,482819,40.233700,-111.668892
"Pueblo, CO",72613,136550,38.263748,-104.612518
"Pukalani, HI",72640,26128,20.839211,-156.341080
"Pulaski, VA",72694,16066,37.049389,-80.779869
"Pullman, WA",72748,29729,46.730148,-117.181473
"Purcellville, VA",72856,11951,39.136681,-77.714371
"Quincy, IL",73045,45228,39.935589,-91.395828
"Racine, WI",73153,133700,42.725639,-87.789551
"Raleigh, NC",73261,884891,35.785469,-78.642700
"Ramona, CA",73288,25913,33.041950,-116.868721
"Rantoul, IL",73369,14071,40.308498,-88.146217
"Rapid City, SD",73396,81251,44.081459,-103.230797
"Raymondville, TX",73612,14481,26.481890,-97.781921
"Reading, PA",73693,266254,40.336620,-75.927841
"Red Bluff, CA",73720,18434,40.178059,-122.235390
"Redding, CA",73774,117731,40.587601,-122.392548
"Redmond, OR",73882,27685,44.272572,-121.175888
"Red Wing, MN",73963,14367,44.566570,-92.534370
"Reedley, CA",74044,46247,36.594601,-119.452858
"Reidsville, NC",74152,14067,36.359550,-79.664230
"Reno, NV",74179,392141,39.527660,-119.813530
"Rexburg, ID",74260,26852,43.826080,-111.782516
"Richmond, IN",74638,44136,39.830410,-84.890289
"Richmond, KY",74665,35540,37.748810,-84.297569
"Richmond, VA",74746,953556,37.540680,-77.433670
"Ridgecrest, CA",74827,31155,35.622478,-117.667976
"Rifle, CO",74935,10479,39.533249,-107.783310
"Rincon, GA",74989,12111,32.295979,-81.235748
"Rio Grande City, TX",75072,46344,26.377899,-98.814713
"River Falls, WI",75286,15351,44.854179,-92.628120
"Riverside, CA",75340,1932666,33.981709,-117.374039
"Riverton, WY",75367,12265,43.024670,-108.380928
"Roanoke, VA",75421,210111,37.271519,-79.940567
"Roanoke Rapids, NC",75448,24450,36.476280,-77.646271
"Robstown, TX",75556,11991,27.789471,-97.664207
"Rochelle, IL",75583,11342,41.933449,-89.068298
"Rochester, MN",75637,107677,44.019321,-92.459328
"Rochester, NY",75664,720572,43.155800,-77.616318
"Rockford, IL",75718,296863,42.266899,-89.077400
"Rock Hill, SC",75745,104996,34.924278,-81.027092
"Rockingham, NC",75772,25404,34.936008,-79.774353
"Rockport, TX",75853,16322,28.027269,-97.054840
"Rock Springs, WY",75880,26352,41.586319,-109.222672
"Rocky Mount, NC",75988,68243,35.948841,-77.794991
"Rolla, MO",76123,20160,37.951469,-91.769310
"Rome, GA",76204,60851,34.244888,-85.166786
"Rome, NY",76231,33428,43.215160,-75.453362
"Rosamond, CA",76285,16000,34.864380,-118.163437
"Roseburg, OR",76339,41700,43.210892,-123.343269
"Roswell, NM",76447,49727,33.395088,-104.522751
"Round Lake Beach, IL",76474,290373,42.383888,-88.071030
"Russellville, AR",76933,32733,35.278290,-93.134811
"Ruston, LA",76987,27724,32.530491,-92.639809
"Rutland, VT",77014,19840,43.605091,-72.978279
"Sacramento, CA",77068,1723634,38.579441,-121.490852
"Safford, AZ",77095,19151,32.834370,-109.708603
"Saginaw, MI",77149,126265,43.419399,-83.946518
"Sahuarita, AZ",77161,40691,31.957750,-110.966370
"St. Augustine, FL",77230,69173,29.894690,-81.314522
"St. Cloud, MN",77338,110621,45.565861,-94.197517
"St. George, UT",77446,98370,37.104149,-113.584122
"St. Helens, OR",77527,25650,45.863998,-122.806488
"St. Joseph, MO",77743,81176,39.766602,-94.856071
"St. Louis, MO",77770,2150706,38.627750,-90.199562
"St. Marys, GA",77932,34630,30.730511,-81.546494
"St. Peter, MN",78013,11634,44.323582,-93.958008
"St. Simons, GA",78026,12226,31.135229,-81.390099
"Salem, OH",78202,18617,40.900982,-80.855789
"Salem, OR",78229,236632,44.933262,-123.043808
"Salina, KS",78283,47493,38.840542,-97.609703
"Salinas, CA",78310,184809,36.670872,-121.654831
"Salisbury, MD",78364,98081,38.365730,-75.595322
"Salt Lake City, UT",78499,1021243,40.760311,-111.888222
"San Angelo, TX",78553,92984,31.461830,-100.442558
"San Antonio, TX",78580,1758210,29.424580,-98.494614
"San Diego, CA",78661,2956746,32.715679,-117.161713
"Sandpoint, ID",78715,10840,48.272949,-116.547813
"Sandusky, OH",78769,48990,41.448761,-82.707367
"Sanford, ME",78850,13584,43.437531,-70.772308
"Sanford, NC",78877,33120,35.466221,-79.159248
"San Francisco, CA",78904,3281212,37.777119,-122.419640
"Sanger, CA",78931,26604,36.708870,-119.556427
"San German, PR",78985,118199,18.111095,-67.038452
"San Jose, CA",79039,1664496,37.338650,-121.885422
"San Juan, PR",79093,2148346,18.466330,-66.104729
"San Luis, AZ",79120,24091,32.489922,-114.782249
"San Luis Obispo, CA",79147,59219,35.285789,-120.662750
"San Marcos, TX",79201,52826,29.886080,-97.928177
"Santa Barbara, CA",79282,195861,34.419380,-119.699051
"Santa Clarita, CA",79309,258653,34.413891,-118.551178
"Santa Cruz, CA",79336,163703,36.974239,-122.030983
"Santa Fe, NM",79363,89284,35.691769,-105.938240
"Santa Isabel, PR",79390,10550,17.996233,-66.389198
"Santa Maria, CA",79417,130447,34.953129,-120.434532
"Santa Paula, CA",79444,29742,34.352150,-119.059578
"Santa Rosa, CA",79498,308231,38.438080,-122.712471
"Sarasota, FL",79606,643260,27.338890,-82.538872
"Saratoga Springs, NY",79633,64100,43.084110,-73.784409
"Sault Ste. Marie, MI",79714,13114,46.492310,-84.351723
"Savannah, GA",79768,260677,32.080910,-81.091187
"Sayre, PA",79903,17991,41.985271,-76.527206
"Scottsbluff, NE",80065,25946,41.862190,-103.662743
"Scottsboro, AL",80092,10069,34.685200,-86.094612
"Scottsburg, IN",80119,11434,38.685780,-85.769218
"Scranton, PA",80227,381502,41.410149,-75.660782
"Searcy, AR",80308,25979,35.250809,-91.740227
"Seaside, CA",80362,114237,36.604038,-121.853500
"Seattle, WA",80389,3059393,47.603569,-122.329453
"Sebastian, FL",80400,149422,27.817169,-80.474022
"Sebring, FL",80416,61625,27.495970,-81.440788
"Sedalia, MO",80443,26178,38.710770,-93.228058
"Seguin, TX",80497,24122,29.569510,-97.964661
"Selma, AL",80524,23821,32.412788,-87.022820
"Selma, CA",80551,41810,36.567539,-119.610779
"Seneca, SC",80671,26054,34.685478,-82.955681
"Sequim, WA",80686,19286,48.079651,-123.103668
"Sevierville, TN",80713,22108,35.869259,-83.567673
"Seymour, IN",80794,20695,38.957260,-85.888977
"Shady Side, MD",80902,10784,38.842789,-76.515747
"Shafter, CA",80929,18098,35.504990,-119.277046
"Shamokin, PA",80985,30185,40.784351,-76.558891
"Shawano, WI",81064,10527,44.782810,-88.609398
"Shawnee, OK",81091,34255,35.332691,-96.924850
"Sheboygan, WI",81118,71313,43.749779,-87.713432
"Shelby, NC",81199,27374,35.291752,-81.540199
"Shelbyville, IN",81280,20795,39.521530,-85.777023
"Shelbyville, KY",81307,20621,38.212372,-85.225243
"Shelbyville, TN",81334,20005,35.483021,-86.459991
"Shelton, WA",81415,18705,47.212479,-123.105652
"Shenandoah, PA",81472,19009,40.820450,-76.201569
"Sheridan, WY",81604,18786,44.797920,-106.955872
"Sherman, TX",81631,61900,33.636040,-96.609131
"Shippensburg, PA",81658,17008,40.051941,-77.516922
"Show Low, AZ",81712,10409,34.250450,-110.042519
"Shreveport, LA",81739,298317,32.514870,-93.746887
"Sidney, OH",81874,21956,40.286880,-84.154221
"Sierra View, PA",81889,28347,41.012070,-75.459000
"Sierra Vista, AZ",81901,52745,31.569420,-110.274681
"Sikeston, MO",81928,16536,36.876518,-89.588287
"Siloam Springs, AR",81982,19326,36.188629,-94.541344
"Silver City, NM",82036,12705,32.770222,-108.274963
"Silverthorne, CO",82090,15351,39.637039,-106.073112
"Simi Valley, CA",82144,125206,34.289459,-118.717659
"Sioux City, IA",82225,106494,42.499901,-96.420860
"Sioux Falls, SD",82252,156777,43.545769,-96.731277
"Slidell, LA",82468,91151,30.276211,-89.781631
"Smithfield, NC",82522,27155,35.511749,-78.347290
"Smithfield, VA",82549,10215,36.981499,-76.634071
"Snoqualmie, WA",82675,20592,47.527161,-121.824318
"Snyder, TX",82711,11557,32.717152,-100.917763
"Soledad, CA",82846,25943,36.428612,-121.327522
"Solvang, CA",82873,14862,34.596062,-120.144203
"Somerset, KY",82900,29042,37.093410,-84.600807
"Somerset, PA",82927,12583,40.008461,-79.079109
"Somerton, AZ",82981,16988,32.596642,-114.710083
"Sonoma, CA",83008,32678,38.291882,-122.457283
"Sonora, CA",83073,28255,37.983292,-120.382187
"South Bend, IN",83116,278165,41.679070,-86.254051
"South Lake Tahoe, CA",83305,29107,38.911621,-120.007812
"South Lyon, MI",83332,119509,42.460579,-83.653183
"Spartanburg, SC",83548,180786,34.948380,-81.934937
"Spearfish, SD",83575,11459,44.490582,-103.859093
"Spencer, IA",83629,10952,43.141869,-95.144699
"Spirit Lake, IA",83710,10826,43.423012,-95.102257
"Spokane, WA",83764,387847,47.657261,-117.412277
"Spout Springs, NC",83818,14488,35.267899,-79.057259
"Springfield, IL",83899,161316,39.801300,-89.643600
"Springfield, MA",83926,621300,42.101250,-72.589287
"Springfield, MO",83953,273724,37.208969,-93.291588
"Springfield, OH",83980,85256,39.925030,-83.806732
"Springfield, TN",83993,17357,36.509392,-86.885422
"Spring Hill, FL",84024,148220,28.459040,-82.627487
"Spring Hill, TN",84088,31208,35.751831,-86.929520
"Springs, NY",84115,12604,41.016861,-72.158951
"Starkville, MS",84466,30307,33.465919,-88.812881
"State College, PA",84493,87454,40.793732,-77.860703
"Statesboro, GA",84547,36314,32.448910,-81.783333
"Staunton, VA",84630,56611,38.150009,-79.072723
"Stayton, OR",84655,10291,44.802559,-122.794327
"Steamboat Springs, CO",84682,12888,40.487850,-106.836388
"Stephenville, TX",84763,16796,32.220322,-98.201950
"Sterling, CO",84790,16088,40.626598,-103.206398
"Sterling, IL",84817,28827,41.794048,-89.698822
"Stevens Point, WI",84871,44223,44.524120,-89.574791
"Stillwater, OK",85033,44515,36.116650,-97.058632
"Stockton, CA",85087,370583,37.953732,-121.290459
"Storm Lake, IA",85114,11364,42.647461,-95.201408
"Streator, IL",85222,17797,41.121471,-88.834190
"Sturgis, MI",85303,13040,41.800251,-85.418694
"Sulphur Springs, TX",85546,14196,33.137959,-95.602890
"Summerville, GA",85654,11041,34.477440,-85.348312
"Sumter, SC",85708,73107,33.924381,-80.343193
"Sunbury, PA",85762,29541,40.862759,-76.796204
"Sun City Hilton Head, SC",85775,12555,32.216320,-80.752609
"Sunnyside, WA",85789,17327,46.323792,-120.009491
"Susanville, CA",85870,10285,40.415699,-120.649834
"Swansboro, NC",86024,16335,34.692719,-77.129173
"Sweetwater, TX",86167,10247,32.474590,-100.398987
"Sylacauga, AL",86194,17991,33.171558,-86.250252
"Syracuse, NY",86302,412317,43.050419,-76.147377
"Taft, CA",86329,14985,35.142540,-119.457626
"Tafuna, AS",86369,43450,-14.335830,-170.720001
"Tahlequah, OK",86383,18521,35.911469,-94.973000
"Talladega, AL",86437,13493,33.434509,-86.102692
"Tallahassee, FL",86464,240223,30.439770,-84.280647
"Tamaqua, PA",86572,15200,40.797321,-75.968742
"Tampa, FL",86599,2441770,27.946529,-82.459267
"Taos, NM",86653,13686,36.412022,-105.574120
"Tarboro, NC",86707,13581,35.907219,-77.540932
"Taylor, TX",86734,14436,30.570150,-97.409653
"Taylorville, IL",86788,13742,39.552261,-89.291389
"Tehachapi, CA",86869,16540,35.132240,-118.449112
"Temple, TX",87058,90390,31.097469,-97.343033
"Terre Haute, IN",87139,92742,39.466492,-87.413010
"Terrell, TX",87166,14834,32.737968,-96.274834
"Texarkana, TX",87193,78162,33.425579,-94.048248
"Texas City, TX",87220,106383,29.392990,-94.925079
"The Dalles, OR",87263,17665,45.601551,-121.183434
"Thomaston, GA",87382,14416,32.899029,-84.328522
"Thomasville, GA",87436,24139,30.836420,-83.980492
"Thousand Oaks, CA",87490,214811,34.175701,-118.848091
"Three Rivers, MI",87517,10820,41.942661,-85.636398
"Tiffin, OH",87598,19546,41.115490,-83.176697
"Tifton, GA",87625,23757,31.452089,-83.509583
"Titusville, FL",87787,54386,28.608030,-80.807701
"Toccoa, GA",87841,10846,34.579620,-83.333138
"Toledo, OH",87868,507643,41.653809,-83.536263
"Tooele, UT",88057,31058,40.534081,-112.298492
"Topeka, KS",88084,150003,39.049278,-95.671181
"Toppenish, WA",88111,14512,46.375080,-120.312981
"Torrington, CT",88192,42754,41.801369,-73.086197
"Tracy, CA",88273,87569,37.739700,-121.426407
"Traverse City, MI",88300,47109,44.759991,-85.615837
"Trenton, NJ",88462,296668,40.217880,-74.759399
"Troy, AL",88543,15897,31.809669,-85.972168
"Troy, MO",88570,13231,38.986599,-90.981354
"Truckee, CA",88624,12139,39.326118,-120.212151
"Tucson, AZ",88732,843168,32.221771,-110.969772
"Tullahoma, TN",88921,17250,35.362400,-86.212013
"Tulsa, OK",88948,655479,36.150108,-95.993523
"Tupelo, MS",89029,40995,34.257408,-88.707832
"Turlock, CA",89083,99904,37.495281,-120.846718
"Tuscaloosa, AL",89110,139114,33.210419,-87.566254
"Twentynine Palms, CA",89191,12895,34.135609,-116.054611
"Twin Falls, ID",89245,48836,42.556190,-114.469597
"Twin Rivers, NJ",89263,64037,40.263859,-74.494438
"Tyler, TX",89326,130247,32.347630,-95.294296
"Ukiah, CA",89380,29709,39.150928,-123.207901
"Union, SC",89488,10033,34.715302,-81.623161
"Union City, TN",89569,10303,36.424129,-89.057266
"Uniontown, PA",89650,51370,39.902100,-79.724182
"Urbana, OH",89758,11699,40.109138,-83.752380
"Urban Honolulu, HI",89770,802459,21.304930,-157.857880
"Utica, NY",89785,117328,43.095890,-75.242577
"Uvalde, TX",89839,18118,29.207300,-99.793831
"Vacaville, CA",89866,93141,38.352180,-121.992630
"Valdosta, GA",89974,77085,30.835051,-83.281097
"Vallejo, CA",90028,165074,38.100948,-122.254951
"Valley, AL",90082,20760,32.843960,-85.180931
"Van Wert, OH",90217,10747,40.869629,-84.580032
"Vermillion, SD",90325,10492,42.786659,-96.928032
"Vernal, UT",90352,17321,40.455719,-109.528839
"Vernon, TX",90379,10572,34.153511,-99.284447
"Versailles, KY",90433,15907,38.052280,-84.730408
"Vicksburg, MS",90487,29022,32.350040,-90.881554
"Victoria, TX",90514,63683,28.805941,-97.003571
"Victorville, CA",90541,328454,34.511669,-117.323639
"Vidalia, GA",90568,13442,32.217281,-82.412453
"Villas, NJ",90658,51291,39.028889,-74.939537
"Vincennes, IN",90703,21302,38.678101,-87.532242
"Vineland, NJ",90730,95259,39.486191,-75.026138
"Vineyard Haven, MA",90757,10082,41.453480,-70.603409
"Virginia, MN",90865,12883,47.522991,-92.532982
"Virginia Beach, VA",90892,1439666,36.755310,-76.059677
"Visalia, CA",90946,219454,36.333771,-119.292587
"Wabash, IN",91000,10418,40.796680,-85.820580
"Waco, TX",91027,172378,31.571819,-97.149498
"Waconia, MN",91054,10748,44.847980,-93.789162
"Wahpeton, ND",91189,11113,46.263931,-96.604713
"Walden, NY",91252,11565,41.560741,-74.190727
"Waldorf, MD",91261,109919,38.624500,-76.908447
"Walla Walla, WA",91405,55805,46.070679,-118.342613
"Wapakoneta, OH",91675,10684,40.567890,-84.194763
"Warner Robins, GA",91783,133109,32.620979,-83.599899
"Warren, PA",91837,15420,41.844028,-79.143494
"Warrensburg, MO",91864,20677,38.771221,-93.741203
"Warsaw, IN",91999,30166,41.238811,-85.852791
"Warwick, NY",92134,12080,41.258480,-74.358253
"Wasco, CA",92161,25489,35.594021,-119.333733
"Washington, DC",92242,4586770,38.890369,-77.031960
"Washington, IN",92296,12462,38.657661,-87.170181
"Washington, MO",92350,14316,38.553780,-91.000923
"Washington, NJ",92377,15385,40.759338,-74.975258
"Washington, NC",92404,16429,35.545319,-77.060478
"Washington Court House, OH",92431,15168,39.535351,-83.440468
"Waterbury, CT",92485,194535,41.554901,-73.046471
"Waterloo, IA",92593,113418,42.493290,-92.341942
"Watertown, NY",92674,57840,43.975861,-75.914284
"Watertown, SD",92701,21111,44.900600,-97.105797
"Watertown, WI",92728,23347,43.197361,-88.720467
"Waterville, ME",92782,25689,44.552792,-69.631348
"Watsonville, CA",92890,73534,36.909031,-121.755524
"Wauchula, FL",92917,14621,27.547340,-81.812973
"Waupun, WI",92998,11373,43.633202,-88.733521
"Wausau, WI",93025,74632,44.959530,-89.630310
"Waycross, GA",93187,25723,31.211349,-82.358452
"Waynesboro, PA",93322,25912,39.756210,-77.578552
"Weatherford, OK",93457,10713,35.526051,-98.707077
"Weatherford, TX",93484,34824,32.759010,-97.800842
"Weirton, WV",93592,70889,40.418709,-80.589478
"Wenatchee, WA",93862,67227,47.414940,-120.305222
"Wendell, NC",93880,13209,35.784470,-78.370667
"West Bend, WI",93916,68444,43.408772,-88.181129
"Westminster, MD",94294,72714,39.574669,-76.992249
"West Plains, MO",94375,11242,36.731121,-91.853073
"West Point, NY",94442,12141,41.395229,-73.955017
"Wheeling, WV",94726,81249,40.063980,-80.721413
"Whitehall, MI",94807,10568,43.409561,-86.340981
"Whitewater, WI",95050,14227,42.834999,-88.738121
"Wichita, KS",95077,472870,37.687489,-97.335579
"Wichita Falls, TX",95104,99437,33.908298,-98.500992
"Williamsburg, VA",95411,75689,37.275688,-76.710289
"Williamsport, PA",95455,56142,41.240940,-77.001411
"Willimantic, CT",95590,29669,41.710960,-72.205292
"Williston, ND",95644,15127,48.147041,-103.621872
"Willmar, MN",95698,20244,45.120640,-95.054466
"Wilmington, NC",95833,219957,34.234970,-77.945999
"Wilmington, OH",95860,12374,39.447128,-83.828438
"Wilson, NC",95914,49190,35.721958,-77.916367
"Winchester, KY",96049,25831,37.993050,-84.179092
"Winchester, TN",96076,11681,35.186691,-86.111900
"Winchester, VA",96103,69449,39.183998,-78.164047
"Winder, GA",96130,37831,33.991249,-83.722443
"Winfield, KS",96319,12029,37.240810,-96.997208
"Winnemucca, NV",96373,10268,40.973270,-117.735191
"Winona, MN",96562,30712,44.051620,-91.638412
"Winston-Salem, NC",96670,391024,36.100010,-80.241158
"Winter Haven, FL",96697,201289,28.022320,-81.732948
"Wisconsin Rapids, WI",96832,29169,44.393188,-89.816368
"Woodburn, OR",96913,32943,45.142361,-122.859077
"Woodland, CA",96994,55513,38.678539,-121.773117
"Woodland Park, CO",97048,10528,38.994228,-105.054489
"Woodstock, IL",97129,25308,42.313782,-88.448372
"Woodward, OK",97237,11344,36.433640,-99.399040
"Wooster, OH",97264,30430,40.806122,-81.934372
"Worcester, MA",97291,486514,42.263409,-71.802193
"Worthington, MN",97345,12616,43.631050,-95.615211
"Yakima, WA",97507,129534,46.604481,-120.507210
"Yankton, SD",97534,14637,42.872261,-97.397034
"Yauco, PR",97561,90899,18.033409,-66.848450
"Yazoo City, MS",97588,15546,32.847839,-90.415169
"Yelm, WA",97642,12387,46.942390,-122.607353
"York, PA",97750,232045,39.964531,-76.724297
"Youngstown, OH",97831,387550,41.098099,-80.650787
"Yuba City, CA",97939,116719,39.140942,-121.619850
"Yucca Valley, CA",97966,23805,34.123379,-116.414360
"Yuma, AZ",98020,135267,32.685490,-114.624611
"Zanesville, OH",98074,42132,39.940540,-82.001389
"Zapata, TX",98101,10719,26.908171,-99.272301
"Zephyrhills, FL",98182,66609,28.234369,-82.182091
