"Abbeville, LA",37,19824,29.97333,-92.13575
"Aberdeen, SD",145,25977,45.45909,-98.48691
"Aberdeen, WA",172,29856,46.97586,-123.81598
"Aberdeen, MD",199,213751,39.51104,-76.16268
"Abilene, TX",280,110421,32.44917,-99.74142
"Ada, OK",415,17400,34.77506,-96.67866
"Adjuntas, PR",550,11122,18.17979239,-66.75396612
"Adrian, MI",577,44823,41.89731,-84.03639
"Agat, GU",604,10093,13.36043,144.67379
"Aguadilla, PR",631,306196,18.45966487,-67.12076236
"Akron, OH",766,569499,41.08431,-81.51431
"Alamogordo, NM",820,31862,32.89925,-105.96032
"Albany, GA",901,95779,31.5814,-84.15602
"Albany, OR",955,56997,44.63548,-123.10776
"Albany, NY",970,594962,42.65155,-73.75521
"Albemarle, NC",982,16823,35.35023,-80.19566
"Albert Lea, MN",1009,17868,43.64733,-93.36871
"Albertville, AL",1036,36815,34.26951,-86.20794
"Albuquerque, NM",1171,741318,35.08423,-106.64905
"Alexandria, LA",1279,82804,31.31266,-92.44568
"Alexandria, MN",1306,16983,45.88939,-95.36634
"Alice, TX",1414,20974,27.75078,-98.06504
"Allentown, PA",1495,664651,40.60263,-75.47027
"Alliance, OH",1549,32533,40.92155,-81.10584
"Alma, MI",1630,16924,43.37897,-84.65703
"Alpena, MI",1684,14258,45.06156,-83.44515
"Alton, IL",1765,83890,38.89086,-90.18395
"Altoona, PA",1792,79930,40.50719,-78.3989
"Altus, OK",1846,19900,34.63783,-99.33374
"Amarillo, TX",1927,196651,35.20725,-101.83389
"Americus, GA",2008,19106,32.0731,-84.23255
"Ames, IA",2062,60438,42.02534,-93.6202
"Amsterdam, NY",2170,22262,42.93896,-74.18893
"Anacortes, WA",2224,16712,48.51748,-122.61214
"Anchorage, AK",2305,251243,61.21753,-149.85825
"Anchorage Northeast, AK",2332,28568,61.21231,-149.75047
"Anderson, IN",2386,88133,40.10217,-85.67828
"Anderson, SC",2413,75702,34.50061,-82.64962
"Andrews, TX",2467,12346,32.31898,-102.54667
"Angola, IN",2548,11196,41.63487,-84.9986
"Anna, TX",2581,10746,33.34977,-96.55119
"Ann Arbor, MI",2602,306022,42.2821,-83.74847
"Anniston, AL",2629,79796,33.65712,-85.81891
"Antioch, CA",2683,277634,38.01583,-121.81974
"Appleton, WI",2764,216154,44.26178,-88.41714
"Arcadia, FL",2912,17490,27.21743,-81.86263
"Arcata-McKinleyville, CA",2926,32364,40.94266,-124.10098
"Archer Lodge, NC",2965,13288,35.69388,-78.37511
"Ardmore, OK",3007,20888,34.17268,-97.12877
"Arecibo, PR",3034,139171,18.47242,-66.7197
"Arizona City, AZ",3088,10531,32.75088,-111.67112
"Arkadelphia, AR",3115,10491,34.12098,-93.05413
"Arkansas City, KS",3142,13026,37.05588,-97.03893
"Arlington, TN",3158,11502,35.2917,-89.67459
"Arroyo Grande, CA",3196,52000,35.12435,-120.57684
"Artesia, NM",3223,12764,32.84326,-104.3976
"Arvin, CA",3250,19573,35.20902,-118.8289
"Asheboro, NC",3331,37792,35.70911,-79.81334
"Asheville, NC",3358,280648,35.59868,-82.5534
"Ashland, OH",3385,20226,40.86865,-82.3155
"Ashtabula, OH",3466,29346,41.88926,-80.78673
"Astoria, OR",3547,14115,46.18977,-123.83395
"Atchison, KS",3601,11166,39.56086,-95.12842
"Athens, AL",3655,24956,34.8045,-86.97128
"Athens, OH",3682,28286,39.3285,-82.10444
"Athens, TN",3709,15985,35.44094,-84.5923
"Athens, TX",3736,12169,32.20431,-95.8555
"Athens-Clarke County, GA",3763,128754,33.95816,-83.37312
"Athol, MA",3790,12834,42.59377,-72.23372
"Atlanta, GA",3817,4515419,33.74831,-84.39111
"Atlantic City, NJ",3898,248402,39.36287,-74.42637
"Atoka, TN",3957,18885,35.44156,-89.77858
"Auburn, AL",4033,74741,32.60829,-85.48173
"Auburn, IN",4060,21712,41.36693,-85.05396
"Auburn, NY",4114,32274,42.92936,-76.56591
"Auburn, CA",4130,33157,38.8962,-121.07887
"Augusta, ME",4195,22637,44.31803,-69.77621
"Augusta-Richmond County, GA",4222,386787,33.47929,-81.97522
"Austin, MN",4357,25103,43.66659,-92.97298
"Austin, TX",4384,1362416,30.26759,-97.74299
"Avenal, CA",4465,15486,36.0039,-120.12983
"Avondale, AZ",4549,197041,33.44089,-112.34966
"Bainbridge, GA",4627,12118,30.90617,-84.57564
"Bakersfield, CA",4681,523994,35.3673,-119.01886
"Baltimore, MD",4843,2203663,39.29058,-76.60926
"Bangor, ME",4951,61210,44.80171,-68.77077
"Baraboo, WI",5005,13759,43.46873,-89.74429
"Bardstown, KY",5059,18702,37.80914,-85.45858
"Barnstable Town, MA",5167,246695,41.65284,-70.2834
"Barre, VT",5221,21675,44.19689,-72.50147
"Barstow, CA",5302,28973,34.89308,-117.02546
"Bartlesville, OK",5329,38874,36.74675,-95.97902
"Bastrop, LA",5437,13979,32.77825,-91.91503
"Bastrop, TX",5464,13371,30.11054,-97.31894
"Batavia, NY",5491,17834,42.99836,-78.18824
"Batesville, AR",5545,11513,35.76976,-91.65
"Baton Rouge, LA",5680,594309,30.44335,-91.18664
"Battle Creek, MI",5707,78393,42.31648,-85.18001
"Bay City, MI",5869,70585,43.59527,-83.88491
"Bay City, TX",5896,18745,28.98296,-95.96941
"Beatrice, NE",6004,12405,40.26586,-96.74748
"Beaufort, SC",6031,48807,32.43119,-80.66993
"Beaumont, TX",6058,147922,30.08615,-94.10135
"Beaver Dam, WI",6112,17833,43.45633,-88.83018
"Beckley, WV",6139,64022,37.77792,-81.18786
"Bedford, IN",6166,14977,38.86102,-86.48887
"Beeville, TX",6274,18168,28.40204,-97.74936
"Belgrade, MT",6382,13797,45.77677,-111.17825
"Bellefontaine, OH",6436,13235,40.36243,-83.75957
"Bellefonte, PA",6463,12888,40.91166,-77.77771
"Belle Glade, FL",6517,24870,26.68564,-80.66787
"Bellingham, WA",6652,114473,48.75235,-122.47122
"Beloit, WI",6760,63835,42.50701,-89.03793
"Bemidji, MN",6841,14626,47.47314,-94.87965
"Bend, OR",6868,83794,44.05782,-121.31537
"Bennettsville, SC",6895,13006,34.61479,-79.68327
"Bennington, VT",6922,12723,42.87672,-73.19818
"Benton Harbor, MI",7138,61022,42.11553,-86.45748
"Berea, KY",7165,15590,37.5703,-84.29271
"Berlin, NH",7192,11159,44.47288,-71.17626
"Big Bear City, CA",7508,15873,34.26115,-116.84562
"Big Rapids, MI",7624,14241,43.69832,-85.48083
"Big Spring, TX",7651,27987,32.25031,-101.47909
"Billings, MT",7705,114773,45.78426,-108.50607
"Binghamton, NY",7732,158084,42.09871,-75.91119
"Birch Bay, WA",7759,12737,48.93325,-122.72628
"Birmingham, AL",7786,749495,33.52072,-86.81179
"Bismarck, ND",7921,81955,46.80536,-100.77969
"Blackfoot, ID",7948,15352,43.18901,-112.34554
"Blacksburg, VA",8002,88542,37.22653,-80.4109
"Bloomington, IN",8380,108657,39.1666,-86.5348
"Bloomington, IL",8407,132600,40.48546,-88.99773
"Bloomsburg, PA",8434,53618,41.00459,-76.45333
"Bluefield, WV",8515,44092,37.26798,-81.22262
"Blythe, CA",8623,12967,33.6104,-114.59851
"Blytheville, AR",8650,18219,35.92852,-89.90429
"Boerne, TX",8704,10467,29.78956,-98.72933
"Bogalusa, LA",8731,12213,30.79062,-89.8643
"Boise City, ID",8785,349684,43.60764,-116.1934
"Bonita Springs, FL",8974,310298,26.33063,-81.79878
"Boone, IA",9028,12793,42.05932,-93.90238
"Boone, NC",9055,22763,36.22048,-81.68719
"Borger, TX",9217,13574,35.66795,-101.39043
"Boston, MA",9271,4181019,42.35866,-71.05674
"Boulder, CO",9298,114591,40.01574,-105.27924
"Boulder City, NV",9325,13866,35.97861,-114.83404
"Bowling Green, KY",9379,78306,36.99462,-86.44558
"Bowling Green, OH",9433,30738,41.37571,-83.65046
"Bozeman, MT",9514,43164,45.67934,-111.03222
"Bradford, PA",9541,12083,41.95586,-78.65048
"Braidwood, IL",9600,22685,41.26452,-88.21774
"Brainerd, MN",9622,19812,46.35349,-94.20069
"Branson, MO",9676,22645,36.64156,-93.21789
"Brawley, CA",9730,25032,32.97863,-115.53404
"Breaux Bridge, LA",9801,18465,30.2733,-91.89962
"Bremerton, WA",9946,198979,47.565,-122.62749
"Brenham, TX",9973,15682,30.16623,-96.40005
"Brevard, NC",10027,13121,35.23427,-82.73391
"Bridgeport, CT",10162,923311,41.18213,-73.19064
"Bridgeton, NJ",10189,35022,39.42947,-75.23406
"Bristol, TN",10351,69501,36.59218,-82.22129
"Brockport, NY",10418,20255,43.2144,-77.93845
"Brookhaven, MS",10594,10635,31.57947,-90.44196
"Brookings, OR",10621,10915,42.05489,-124.28957
"Brookings, SD",10648,22482,44.31124,-96.79861
"Browns Mills, NJ",10891,37985,39.96986,-74.58155
"Brownsville, TX",10972,217585,25.90209,-97.49924
"Brownwood, TX",10999,22711,31.72527,-98.98071
"Brunswick, GA",11026,51024,31.14974,-81.49556
"Brunswick, ME",11040,29159,43.91404,-69.96736
"Buckeye, AZ",11134,19424,33.37049,-112.58973
"Bucyrus, OH",11215,12401,40.80865,-82.97642
"Buffalo, MN",11296,15972,45.17285,-93.87623
"Buffalo, NY",11350,935906,42.88544,-78.87846
"Bullhead City, AZ",11431,48656,35.12679,-114.57718
"Burkburnett, TX",11593,10002,34.07786,-98.55596
"Burley, ID",11620,15977,42.5353,-113.79329
"Burlington, IA",11674,29569,40.81205,-91.10073
"Burlington, NC",11728,119911,36.09686,-79.43791
"Burlington, VT",11755,108740,44.47593,-73.21277
"Burlington, WI",11782,23534,42.68,-88.27696
"Butler, PA",11998,40352,40.86035,-79.89527
"Butner, NC",12025,16975,36.13048,-78.75491
"Butte-Silver Bow, MT",12052,30287,46.00175,-112.52089
"Cadillac, MI",12160,11690,44.25083,-85.40265
"Calhoun, GA",12457,31493,34.50524,-84.95088
"California City, CA",12565,10908,35.12894,-117.98563
"Camarillo, CA",12754,71772,34.2234,-119.05072
"Cambridge, MD",12808,14255,38.56312,-76.07806
"Cambridge, MN",12835,14270,45.57265,-93.22445
"Cambridge, OH",12862,15232,40.02478,-81.59011
"Camden, AR",12916,11401,33.58698,-92.82957
"Camden, SC",12970,13546,34.25004,-80.60745
"Campbellsville, KY",13159,11719,37.34281,-85.34305
"Canby, OR",13221,17119,45.26298,-122.69427
"Canon City, CO",13267,27139,38.44098,-105.24245
"Canton, IL",13294,14818,40.55832,-90.02858
"Canton, MS",13321,15321,32.61258,-90.03472
"Canton, OH",13375,279245,40.79788,-81.37194
"Canyon, TX",13456,13440,34.9856,-101.93627
"Cape Coral, FL",13510,530290,26.62982,-81.95694
"Cape Girardeau, MO",13537,52900,37.30271,-89.54453
"Carbondale, IL",13591,67821,37.7273,-89.2158
"Carlsbad, NM",13807,29839,32.41896,-104.22901
"Carrollton, GA",14023,42872,33.5815,-85.0784
"Carson City, NV",14158,58079,39.16506,-119.76697
"Cartersville, GA",14185,52477,34.16522,-84.79542
"Carthage, MO",14266,15496,37.17675,-94.314
"Casa Grande, AZ",14401,51331,32.87955,-111.75084
"Casper, WY",14482,64548,42.85008,-106.32779
"Cedar City, UT",14698,33200,37.67795,-113.06176
"Cedar Rapids, IA",14752,177844,41.97646,-91.67346
"Cedartown, GA",14806,12502,34.01455,-85.25662
"Celina, OH",14860,11259,40.55338,-84.57078
"Centralia, IL",15022,17296,38.52828,-89.13058
"Centralia, WA",15076,39517,46.72894,-122.95298
"Chambersburg, PA",15184,50887,39.93743,-77.66075
"Champaign, IL",15211,145361,40.1142,-88.2435
"Chaparral, NM",15292,12328,32.03814,-106.41023
"Charleston, IL",15400,21810,39.49597,-88.17631
"Charleston, WV",15481,153199,38.35016,-81.63895
"Charleston, SC",15508,548404,32.78115,-79.9316
"Charles Town, WV",15600,21019,39.28944,-77.8588
"Charlotte, MI",15643,12682,42.56398,-84.83489
"Charlotte, NC",15670,1249442,35.22286,-80.83796
"Charlotte Amalie, VI",15697,50916,18.34055,-64.93215
"Charlottesville, VA",15724,92359,38.03213,-78.47756
"Chattanooga, TN",15832,381112,35.04672,-85.30947
"Cheney, WA",15967,10569,47.48901,-117.57477
"Chesapeake Beach, MD",16102,23700,38.69549,-76.53375
"Cheyenne, WY",16237,73588,41.13481,-104.82154
"Chicago, IL",16264,8608208,41.88425,-87.63245
"Chickasha, OK",16291,15739,35.05238,-97.93615
"Chico, CA",16318,98176,39.732,-121.84198
"Chillicothe, OH",16453,32263,39.33537,-82.96776
"Chino Valley, AZ",16561,10783,34.75738,-112.45386
"Chowchilla, CA",16696,11843,37.12319,-120.25962
"Christiansted, VI",16750,46601,17.74672,-64.70418
"Cincinnati, OH",16885,1624827,39.162,-84.45689
"Circleville, OH",16912,14965,39.60099,-82.94218
"Claremore, OK",17128,25164,36.31123,-95.61543
"Clarksburg, WV",17236,43988,39.27944,-80.34017
"Clarksdale, MS",17263,17783,34.19457,-90.56492
"Clarksville, TN",17317,158655,36.53121,-87.35992
"Clearfield, PA",17452,10903,41.02292,-78.43809
"Clearlake, CA",17479,15944,38.95072,-122.62237
"Cleburne, TX",17533,35122,32.35089,-97.38774
"Cleveland, MS",17641,15722,33.74745,-90.71702
"Cleveland, OH",17668,1780673,41.50473,-81.69074
"Cleveland, TN",17722,66777,35.16018,-84.87532
"Clewiston, FL",17776,12833,26.7542,-80.93532
"Clinton, IA",17938,32332,41.83898,-90.19196
"Clinton, SC",18046,11176,34.47185,-81.88074
"Cloquet, MN",18127,12936,46.7143,-92.48043
"Clovis, NM",18208,41570,34.40523,-103.20534
"Coalinga, CA",18289,12702,36.13747,-120.36246
"Coamo, PR",18316,38047,18.09719858,-66.36017572
"Coco, PR",18383,22102,18.00719,-66.25933
"Coeur d'Alene, ID",18451,98378,47.67168,-116.77585
"Coffeyville, KS",18478,10909,37.03296,-95.61657
"Colchester, CT",18559,10098,41.5749,-72.32694
"Coldwater, MI",18667,16876,41.9406,-85.00044
"College Station, TX",18748,171345,30.62054,-96.3259
"Colorado Springs, CO",18856,559409,38.83352,-104.82181
"Columbia, MO",18937,124748,38.95252,-92.33415
"Columbia, SC",18964,549777,33.99882,-81.04537
"Columbia, TN",18991,34965,35.61615,-87.03538
"Columbus, GA",19099,253602,32.46288,-84.98757
"Columbus, IN",19126,54933,39.2015,-85.91868
"Columbus, MS",19180,31174,33.49507,-88.42855
"Columbus, NE",19207,22106,41.43114,-97.3722
"Columbus, OH",19234,1368035,39.96199,-83.00275
"Concord, CA",19504,615968,37.98165,-122.02583
"Concord, NH",19531,42611,43.20725,-71.5366
"Concord, NC",19558,214881,35.41043,-80.5812
"Conneaut, OH",19612,14109,41.9439,-80.55921
"Connersville, IN",19693,15347,39.64126,-85.13774
"Conroe, TX",19755,239938,30.31217,-95.45594
"Conway, AR",19801,65277,35.09098,-92.43969
"Cookeville, TN",19828,44207,36.16193,-85.4998
"Coolidge, AZ",19882,10919,32.97763,-111.51625
"Coos Bay, OR",19936,31386,43.36797,-124.21966
"Corcoran, CA",20044,25516,36.09805,-119.55905
"Cordele, GA",20071,12416,31.97156,-83.78272
"Corinth, MS",20098,12469,34.92913,-88.53095
"Cornelia, GA",20152,18578,34.51227,-83.52766
"Corning, NY",20233,20477,42.14326,-77.05456
"Corpus Christi, TX",20287,320069,27.79641,-97.40374
"Corsicana, TX",20341,22599,32.09173,-96.46302
"Cortland, NY",20395,27493,42.60348,-76.17484
"Corvallis, OR",20422,62433,44.56503,-123.26351
"Coshocton, OH",20476,11517,40.27229,-81.86665
"Cottage Grove, OR",20503,11007,43.79734,-123.06452
"Cottonwood, AZ",20595,26650,34.7402,-112.00973
"Craig, CO",20827,10021,40.51423,-107.54787
"Crawfordsville, IN",20881,18012,40.04228,-86.90138
"Crescent City, CA",20908,18976,41.75281,-124.20046
"Cresson, PA",20980,11106,40.46002,-78.59155
"Crestview, FL",21043,32432,30.76183,-86.57102
"Crossville, TN",21394,16337,35.94836,-85.0265
"Crowley, LA",21421,14908,30.21079,-92.37168
"Cullman, AL",21637,18356,34.17437,-86.84345
"Cullowhee, NC",21664,10837,35.30771,-83.18782
"Culpeper, VA",21691,17778,38.47333,-77.99614
"Cumberland, MD",21745,51899,39.65177,-78.76333
"Dallas, OR",22015,15340,44.92099,-123.31531
"Dallas, TX",22042,5121892,32.77822,-96.79512
"Dalton, GA",22069,85239,34.76145,-84.97218
"Danbury, CT",22096,168136,41.39268,-73.45359
"Danville, IL",22204,50996,40.1598,-87.63044
"Danville, KY",22231,18887,37.64599,-84.77515
"Danville, VA",22253,49344,36.58598,-79.4172
"Daphne, AL",22285,57383,30.60391,-87.90092
"Davenport, IA",22366,280051,41.53826,-90.57602
"Davis, CA",22420,72794,38.54669,-121.74457
"Dayton, NV",22501,11127,39.23783,-119.58917
"Dayton, OH",22528,724091,39.7592,-84.19381
"Dayton, TN",22555,10174,35.4948,-85.01235
"Dayton, TX",22582,12075,30.04509,-94.8881
"Decatur, AL",22690,70436,34.6074,-86.97979
"Decatur, IL",22717,93863,39.84585,-88.95209
"Decatur, IN",22744,10440,40.83134,-84.92436
"Dededo, GU",22811,139825,13.56562,144.8446
"Defiance, OH",22879,18306,41.28647,-84.36228
"DeKalb, IL",22960,68545,41.92949,-88.7499
"Delano, CA",22987,54372,35.77054,-119.24477
"Delavan, WI",23041,12158,42.6321,-88.64688
"Del Rio, TX",23203,43914,29.36651,-100.8983
"Deltona, FL",23311,182169,28.93223,-81.22335
"Deming, NM",23338,14903,32.26805,-107.75866
"Denton, TX",23500,366174,33.21659,-97.13153
"Denver, CO",23527,2374203,39.74001,-104.99202
"DeRidder, LA",23662,13341,30.84734,-93.28896
"Desert Hot Springs, CA",23716,39445,33.96145,-116.51024
"Des Moines, IA",23743,450070,41.58981,-93.61538
"Detroit, MI",23824,3734090,42.33168,-83.048
"Dickinson, ND",24094,17586,46.87903,-102.79059
"Dickson, TN",24121,16016,36.07662,-87.38762
"Discovery Bay, CA",24256,14044,37.9042,-121.60217
"Dixon, CA",24283,18445,38.44552,-121.81707
"Dixon, IL",24310,16858,41.84804,-89.48462
"Dodge City, KS",24337,27316,37.75267,-100.01891
"Donaldsonville, LA",24391,14571,30.1056,-90.98546
"Dothan, AL",24472,68781,31.22325,-85.39337
"Douglas, AZ",24499,17673,31.34447,-109.55164
"Douglas, GA",24526,14154,31.50569,-82.84956
"Dover, DE",24580,110769,39.15803,-75.52473
"Dover, NH",24607,88087,43.19346,-70.87418
"Dublin, GA",24715,20999,32.53894,-82.90728
"DuBois, PA",24796,11898,41.11977,-78.75974
"Dubuque, IA",24823,67818,42.49913,-90.66327
"Duluth, MN",24850,120378,46.78796,-92.09985
"Dumas, TX",24904,14836,35.84535,-101.97341
"Duncan, OK",24931,21301,34.50186,-97.95754
"Dunkirk, NY",25012,25514,42.48724,-79.33578
"Dunn, NC",25039,14823,35.30671,-78.60868
"Durango, CO",25147,17982,37.27367,-107.8793
"Durant, OK",25201,16402,33.9932,-96.38602
"Durham, NC",25228,347602,35.99542,-78.89644
"Dyersburg, TN",25309,21903,36.03405,-89.38549
"Eagle Pass, TX",25498,49236,28.70953,-100.4996
"Earlimart, CA",25579,13211,35.87743,-119.26851
"East Liverpool, OH",25687,31564,40.62058,-80.58067
"Easton, MD",25741,17132,38.7739,-76.07475
"East Stroudsburg, PA",25849,54316,40.99455,-75.17806
"Eau Claire, WI",26038,102852,44.81658,-91.50077
"Eden, NC",26092,17187,36.50346,-79.74374
"Edwards, CO",26275,17326,39.64436,-106.59353
"Effingham, IL",26308,13800,39.11962,-88.53757
"El Campo, TX",26389,11719,29.21805,-96.28795
"El Centro, CA",26416,107672,32.79616,-115.56997
"El Dorado, AR",26470,18944,33.21151,-92.66546
"El Dorado, KS",26524,14724,37.81725,-96.84979
"Elgin, TX",26659,10043,30.34901,-97.37097
"Elizabeth City, NC",26686,23905,36.3015,-76.21976
"Elizabethtown, KY",26750,73467,37.69367,-85.85912
"Elk City, OK",26767,10855,35.4123,-99.41724
"Elkhart, IN",26794,143592,41.68676,-85.97567
"Elkhorn, WI",26821,12484,42.67188,-88.54543
"Elkins, WV",26875,11061,38.92402,-79.84449
"Elko, NV",26902,18948,40.83568,-115.76754
"Ellensburg, WA",26983,20987,46.99703,-120.54872
"Ellwood City, PA",27085,13006,40.86147,-80.28252
"Elmira, NY",27118,67983,42.09041,-76.79881
"El Paso, TX",27253,803086,31.75916,-106.48749
"El Paso de Robles (Paso Robles), CA",27261,65088,35.62552,-120.6913
"El Reno, OK",27280,15069,35.53383,-97.95604
"Emporia, KS",27523,24830,38.4056,-96.18016
"Enid, OK",27631,47609,36.39762,-97.87834
"Ennis, TX",27658,18258,32.32955,-96.6237
"Enterprise, AL",27685,36427,31.31515,-85.85462
"Erie, PA",27766,196611,42.12982,-80.0855
"Escanaba, MI",27847,20850,45.74555,-87.07976
"Espanola, NM",27874,26418,35.99113,-106.08058
"Estrella, AZ",27991,11108,33.00249,-112.42059
"Eugene, OR",28117,247421,44.04992,-123.08854
"Eunice, LA",28144,11940,30.49215,-92.41517
"Eureka, CA",28198,45034,40.80327,-124.15953
"Eureka, MO",28262,11260,38.50222,-90.628
"Evanston, WY",28306,12017,41.26748,-110.96398
"Evansville, IN",28333,229351,37.97708,-87.56405
"Evergreen, CO",28441,13556,39.63293,-105.31903
"Excelsior Springs, MO",28495,10943,39.33921,-94.22617
"Fairbanks, AK",28549,64513,64.84525,-147.7221
"Fairfield, CA",28657,133683,38.24924,-122.0443
"Fairfield, IA",28711,10320,41.00664,-91.96281
"Fairmont, WV",28873,33409,39.48157,-80.1472
"Fajardo, PR",28981,85225,18.32812,-65.65332
"Fallon, NV",29035,16241,39.47491,-118.77797
"Fargo, ND",29089,176676,46.87591,-96.78176
"Faribault, MN",29116,23696,44.29508,-93.2715
"Farmington, MO",29251,39370,37.78043,-90.42047
"Farmington, NM",29278,53049,36.72814,-108.20569
"Fayetteville, NC",29440,310282,35.05534,-78.87727
"Fayetteville, AR",29494,295083,36.0632,-94.15791
"Fergus Falls, MN",29575,12081,46.27862,-96.07239
"Fernandina Beach, FL",29602,25239,30.66999,-81.46383
"Fernley, NV",29656,18979,39.60113,-119.24648
"Fillmore, CA",29710,15081,34.39847,-118.91332
"Findlay, OH",29737,48441,41.0376,-83.6503
"Firestone, CO",29775,21474,40.11686,-104.93881
"Fitzgerald, GA",29791,11638,31.71497,-83.25226
"Flagstaff, AZ",29818,71957,35.1982,-111.6513
"Flint, MI",29872,356218,43.01144,-83.68679
"Florence, AL",29953,77074,34.8006,-87.67489
"Florence, AZ",29980,16586,33.04535,-111.3863
"Florence, OR",30034,10177,43.96913,-124.10721
"Florence, SC",30061,89557,34.19367,-79.76819
"Florida, PR",30115,71747,18.37342545,-66.56016323
"Foley, AL",30171,26469,30.40607,-87.6838
"Fond du Lac, WI",30223,54901,43.77302,-88.44709
"Forest City, NC",30331,26418,35.33381,-81.86488
"Forest Lake, MN",30358,21816,45.2823,-92.98409
"Forney, TX",30439,27051,32.74904,-96.47047
"Forrest City, AR",30466,13690,35.01142,-90.7862
"Fort Atkinson, WI",30547,21105,42.92637,-88.83701
"Fort Bragg, CA",30574,10348,39.44672,-123.80592
"Fort Collins, CO",30628,264465,40.58147,-105.07662
"Fort Dodge, IA",30682,25122,42.50155,-94.17764
"Fort Leonard Wood, MO",30748,29257,37.76971,-92.1167
"Fort Madison, IA",30763,10848,40.63021,-91.32928
"Fort Morgan, CO",30817,13178,40.25464,-103.80148
"Fort Polk, LA",30871,14300,31.05303,-93.22082
"Fort Smith, AR",30925,122947,35.3847,-94.42145
"Fortuna, CA",30979,13084,40.59777,-124.15554
"Fort Valley, GA",31033,10605,32.5539,-83.88864
"Fort Walton Beach, FL",31060,191917,30.40424,-86.6153
"Fort Wayne, IN",31087,313492,41.08026,-85.13831
"Fostoria, OH",31114,14694,41.15568,-83.41235
"Four Corners, FL",31150,35549,28.33287,-81.64738
"Frankfort, IN",31222,16684,40.28214,-86.51072
"Frankfort, KY",31249,35734,38.19507,-84.87869
"Franklin, LA",31303,14617,29.79225,-91.49765
"Franklin, NJ",31450,35436,41.11682,-74.5916
"Frederick, MD",31519,141576,39.41574,-77.41203
"Fredericksburg, TX",31573,11511,30.27499,-98.87211
"Fredericksburg, VA",31600,141238,38.30118,-77.45933
"Freeport, IL",31681,25980,42.29729,-89.62165
"Fremont, NE",31762,27471,41.43441,-96.4986
"Fremont, OH",31789,23332,41.34754,-83.11419
"Fresno, CA",31843,654628,36.74095,-119.78536
"Front Royal, VA",31924,18638,38.91798,-78.19355
"Fulton, MO",32086,12197,38.84697,-91.94706
"Gadsden, AL",32113,64172,34.01477,-86.00717
"Gaffney, SC",32140,20844,35.07362,-81.64866
"Gainesville, FL",32167,187781,29.65195,-82.32278
"Gainesville, GA",32194,130846,34.29738,-83.82531
"Gainesville, TX",32221,15746,33.62427,-97.14302
"Galesburg, IL",32329,36001,40.94691,-90.36466
"Galion, OH",32356,15966,40.73389,-82.78941
"Galliano, LA",32383,21437,29.4355,-90.29842
"Gallup, NM",32437,23114,35.52784,-108.74356
"Galt, CA",32451,24912,38.25299,-121.30081
"Galveston, TX",32491,44022,29.29532,-94.80791
"Garapan, MP",32506,46203,15.20754602,145.7194673
"Garden City, KS",32518,29942,37.96919,-100.8732
"Gardnerville Ranchos, NV",32572,20107,38.88877,-119.74033
"Gastonia, NC",32653,169495,35.26221,-81.18702
"Gatesville, TX",32707,15310,31.4349,-97.74353
"Geneva, NY",32842,29990,42.86642,-76.98218
"Georgetown, KY",32977,30764,38.2275485,-84.6231727
"Georgetown, SC",33031,12320,33.3683,-79.28075
"Gillette, WY",33247,32721,44.29318,-105.50476
"Gilroy, CA",33328,98413,37.00441,-121.57175
"Glasgow, KY",33436,13569,36.99355,-85.91402
"Glens Falls, NY",33598,65443,43.31122,-73.64376
"Glenwood Springs, CO",33652,11581,39.54603,-107.3237
"Globe, AZ",33679,13515,33.39592,-110.7892
"Gloversville, NY",33733,29226,43.05062,-74.34446
"Goldsboro, NC",33814,61054,35.38596,-77.99685
"Gramercy, LA",34151,15279,30.04755,-90.68942
"Granbury, TX",34165,28250,32.44235,-97.79426
"Grand Forks, ND",34219,61270,47.92433,-97.03173
"Grand Island, NE",34246,50440,40.92474,-98.3399
"Grand Junction, CO",34273,128124,39.06879,-108.56445
"Grand Rapids, MI",34300,569935,42.96642,-85.67195
"Grandview, WA",34381,18407,46.25606,-119.90123
"Grants, NM",34489,12152,35.15063,-107.84988
"Grants Pass, OR",34516,50520,42.44345,-123.32449
"Grass Valley, CA",34597,34308,39.21926,-121.0615
"Great Bend, KS",34705,16177,38.36601,-98.76514
"Great Falls, MT",34759,65207,47.50732,-111.30607
"Greeley, CO",34786,117825,40.42327,-104.69446
"Green Bay, WI",34813,206520,44.513,-88.01001
"Greencastle, IN",34840,10625,39.644,-86.86077
"Greeneville, TN",34894,23957,36.16292,-82.83104
"Greenfield, CA",34921,16451,36.31908,-121.2418
"Greenfield, MA",34975,22965,42.58758,-72.59843
"Green River, WY",35083,12672,41.52885,-109.46694
"Greensboro, NC",35164,311810,36.06908,-79.79503
"Greensburg, IN",35191,11560,39.33768,-85.4849
"Greenville, MS",35353,35025,33.39896,-91.03778
"Greenville, NC",35380,117798,35.61215,-77.38076
"Greenville, OH",35407,13337,40.10306,-84.63403
"Greenville, PA",35434,10771,41.40547,-80.38782
"Greenville, SC",35461,400492,34.84829,-82.4001
"Greenville, TX",35488,23283,33.13907,-96.10678
"Greenwood, MS",35569,22380,33.51711,-90.18039
"Greenwood, SC",35596,42103,34.19104,-82.16074
"Grenada, MS",35623,10481,33.78398,-89.81
"Grove City, PA",35812,11886,41.15769,-80.08835
"Guayama, PR",35866,80155,17.9852,-66.11315
"Gulfport, MS",35920,208948,30.38032,-89.09189
"Gun Barrel City, TX",35974,14884,32.3309,-96.14667
"Guymon, OK",36109,11338,36.68165,-101.48157
"Hagerstown, MD",36190,182696,39.6425,-77.71758
"Hailey, ID",36217,10453,43.52107,-114.31644
"Haleiwa, HI",36231,13770,21.58997,-158.10285
"Half Moon Bay, CA",36271,20713,37.46347,-122.42925
"Hammond, LA",36514,67629,30.50417,-90.45846
"Hammonton, NJ",36541,13152,39.63595,-74.8036
"Hampstead, NC",36585,10716,34.36746,-77.7107
"Hanford, CA",36703,87941,36.32743,-119.64589
"Hannibal, MO",36730,18472,39.70355,-91.37591
"Hanover, PA",36784,66301,39.80074,-76.98286
"Harlingen, TX",36892,135663,26.18986,-97.69555
"Harriman, TN",36946,23515,35.93434,-84.55162
"Harrisburg, PA",37081,444474,40.25986,-76.88223
"Harrison, AR",37108,13950,36.22863,-93.11003
"Harrison, OH",37145,12910,39.26203,-84.81653
"Harrisonburg, VA",37162,66784,38.45163,-78.8697
"Hartford, CT",37243,924859,41.76375,-72.67394
"Hartsville, SC",37405,15125,34.37502,-80.07375
"Hastings, MN",37540,22328,44.74229,-92.85139
"Hastings, NE",37567,24312,40.58568,-98.39243
"Hattiesburg, MS",37594,80358,31.32735,-89.29071
"Havelock, NC",37675,21596,34.87558,-76.90345
"Hawaiian Paradise Park, HI",37716,20503,19.59089,-154.96982
"Hays, KS",37783,21180,38.8712,-99.33291
"Hazleton, PA",37945,56827,40.95479,-75.97679
"Heber, UT",38053,17212,40.5069,-111.41324
"Helena, MT",38161,45055,46.58976,-112.02065
"Helena-West Helena, AR",38172,11321,34.5291,-90.59
"Hemet, CA",38215,163379,33.74937,-116.9676
"Henderson, NC",38269,20858,36.33006,-78.39848
"Henderson, TX",38323,15187,32.15326,-94.79927
"Hereford, TX",38431,15941,34.81216,-102.40576
"Hermiston, OR",38485,27790,45.84051,-119.28947
"Hibbing, MN",38620,11616,47.42105,-92.94174
"Hickory, NC",38647,212195,35.73491,-81.3356
"Highland, IL",38755,11525,38.73942,-89.67672
"High Point, NC",38809,166485,35.95536,-80.0052
"Hillsdale, MI",38998,11646,41.92291,-84.63184
"Hilo, HI",39052,43925,19.71924,-155.08185
"Hilton Head Island, SC",39079,68998,32.1551,-80.76253
"Hinesville, GA",39133,51456,31.85114,-81.58366
"Hobbs, NM",39214,36696,32.69657,-103.12853
"Holland, MI",39430,99941,42.77358,-86.10226
"Hollister, CA",39511,42002,36.85254,-121.40363
"Homosassa Springs, FL",39758,80962,28.80563,-82.57542
"Hood River, OR",39916,14653,45.70885,-121.51073
"Hopkinsville, KY",40078,32491,36.86735,-87.48765
"Hornell, NY",40132,10997,42.32733,-77.66082
"Hot Springs, AR",40213,55121,34.5096,-93.05177
"Houghton, MI",40294,15452,47.12186,-88.57002
"Houma, LA",40375,144875,29.59733,-90.71913
"Houston, TX",40429,4944332,29.76078,-95.36952
"Hudson, NY",40537,11512,42.25282,-73.79143
"Hudson, WI",40547,22395,44.98214,-92.7572
"Huntingdon, PA",40699,11385,40.48467,-78.01139
"Huntington, IN",40726,18207,40.88284,-85.49425
"Huntington, WV",40753,202637,38.42031,-82.44551
"Huntsville, AL",40780,286692,34.72929,-86.5851
"Huntsville, TX",40807,36928,30.72378,-95.55217
"Huron, SD",40861,12637,44.36385,-98.21414
"Hurricane, UT",40888,16336,37.1771,-113.28477
"Hutchinson, KS",40915,44320,38.05725,-97.93248
"Hutchinson, MN",40942,14054,44.89087,-94.36922
"Idaho Falls, ID",40996,90733,43.49211,-112.04227
"Ilion, NY",41023,24792,43.0184,-75.04217
"Immokalee, FL",41077,23160,26.41858,-81.41996
"Incline Village, NV",41100,13022,39.25035,-119.96172
"Indiana, PA",41185,28807,40.6229,-79.15015
"Indianapolis, IN",41212,1487483,39.76691,-86.15012
"Indianola, IA",41239,14281,41.35829,-93.55932
"Indianola, MS",41266,10408,33.45084,-90.64494
"Indio, CA",41347,345580,33.72213,-116.21942
"Ingleside, TX",41360,16522,27.88136,-97.20922
"Ionia, MI",41536,14409,42.9831,-85.06419
"Iowa City, IA",41590,106621,41.65782,-91.52653
"Iron Mountain, MI",41671,19228,45.82074,-88.06525
"Ishpeming, MI",41833,12301,46.48863,-87.66935
"Ithaca, NY",41914,53661,42.44051,-76.49546
"Jackson, MI",42157,90057,42.24555,-84.4005
"Jackson, MS",42211,351478,32.29887,-90.18045
"Jackson, TN",42265,71880,35.6139,-88.8194
"Jackson, WY",42319,11407,43.48024,-110.76236
"Jacksonville, FL",42346,1065219,30.33147,-81.65622
"Jacksonville, IL",42373,22669,39.7452,-90.23116
"Jacksonville, NC",42400,105419,34.74929,-77.42105
"Jacksonville, TX",42427,14075,31.96317,-95.2703
"Jackson, OH",42439,11768,39.05406,-82.63973
"Jamestown, NY",42481,43404,42.09605,-79.2378
"Jamestown, ND",42508,15284,46.91032,-98.70854
"Janesville, WI",42562,69658,42.68789,-89.01821
"Jasper, AL",42616,14156,33.83128,-87.28085
"Jasper, IN",42697,15759,38.39145,-86.93222
"Jayuya, PR",42778,11300,18.21065442,-66.58846844
"Jefferson, GA",42849,10443,34.11863,-83.57097
"Jefferson City, MO",42967,58533,38.57751,-92.17784
"Jefferson Township North, NJ",42978,13714,40.47352941,-74.4481281
"Jerome, ID",43048,10892,42.72412,-114.51581
"Jesup, GA",43102,12660,31.60667,-81.88592
"Jewett City, CT",43115,10119,41.60294,-71.97583
"Johnson City, TN",43210,120415,36.32008,-82.34518
"Johnstown, CO",43253,13693,40.33608,-104.90683
"Johnstown, PA",43291,69014,40.32726,-78.91835
"Jonesboro, AR",43345,65419,35.83525,-90.70507
"Joplin, MO",43399,82775,37.08476,-94.51347
"Juana Diaz, PR",43453,80928,18.04965445,-66.495508
"Junction City, KS",43507,38787,39.02826,-96.83046
"Juneau, AK",43561,24537,58.29973,-134.40679
"Jupiter Farms, FL",43595,10962,26.9239,-80.21852
"Kahului, HI",43615,55934,20.89102,-156.46727
"Kailua (Hawaii County), HI",43642,28850,19.51342435,-154.9045893
"Kailua (Honolulu County), HI",43669,113682,21.394966,-157.739263
"Kalaheo, HI",43696,14840,21.92416,-159.52686
"Kalamazoo, MI",43723,209703,42.29157,-85.58839
"Kalispell, MT",43777,31785,48.20189,-114.315
"Kankakee, IL",43885,81926,41.12001,-87.86104
"Kansas City, MO",43912,1519417,39.10344,-94.58311
"Kapaa, HI",43939,19063,22.07731,-159.31683
"Kearney, NE",44182,31287,40.70047,-99.08347
"Keene, NH",44209,22510,42.93335,-72.2806
"Kendallville, IN",44371,10399,41.44083,-85.26505
"Kennett, MO",44452,11241,36.23653,-90.05565
"Kennewick, WA",44479,210975,46.20804,-119.11698
"Kenosha, WI",44506,124064,42.58808,-87.82326
"Keokuk, IA",44560,13411,40.39696,-91.38457
"Kerman, CA",44587,13487,36.72934,-120.06026
"Kerrville, TX",44641,28810,30.05158,-99.14531
"Ketchikan, AK",44668,10352,55.3421,-131.64784
"Kewanee, IL",44722,12857,41.2473,-89.92486
"Key Largo, FL",44789,18121,25.16593,-80.3787
"Key West, FL",44857,32095,24.5545,-81.80023
"Kihei, HI",44911,25819,20.785,-156.46556
"Kilgore, TX",44938,15957,32.38028,-94.86904
"Kill Devil Hills, NC",44965,19095,36.01365,-75.65709
"Killeen, TX",44992,217630,31.11689,-97.72737
"King City, CA",45073,14529,36.21086,-121.1266
"Kingman, AZ",45127,42107,35.18888,-114.05599
"Kingsport, TN",45235,106571,36.5478,-82.56042
"Kingston, NY",45262,57442,41.92698,-73.99737
"Kingsville, TX",45316,26011,27.51573,-97.85543
"Kinston, NC",45397,29083,35.26869,-77.5818
"Kirksville, MO",45424,15914,40.19682,-92.57202
"Kissimmee, FL",45451,314071,28.29457,-81.40663
"Kittanning, PA",45478,14072,40.81436,-79.51945
"Klamath Falls, OR",45505,41434,42.22388,-121.78206
"Knoxville, TN",45640,558696,35.96068,-83.92103
"Kokomo, IN",45694,62182,40.48651,-86.12624
"Kuna, ID",45775,15234,43.48844,-116.42196
"Kutztown, PA",45802,10002,40.51851,-75.77649
"LaBelle, FL",45829,12054,26.76735,-81.43739
"Laconia, NH",45856,18636,43.52807,-71.46894
"La Crosse, WI",45910,100868,43.81267,-91.25206
"Lady Lake, FL",45937,112991,28.93261,-81.92795
"Lafayette, IN",46018,147725,40.41738,-86.87598
"Lafayette, LA",46045,252720,30.22032,-92.01705
"Lafayette, CO",46126,79407,39.98828,-105.09052
"La Follette, TN",46153,21055,36.36086,-84.14194
"La Grande, OR",46207,14909,45.32955,-118.09595
"LaGrange, GA",46234,34879,33.04142,-85.03108
"Lahaina, HI",46396,21331,20.8787,-156.6782
"Laie, HI",46423,15071,21.64867,-157.92324
"Lake Arrowhead, CA",46465,22175,34.25063,-117.19105
"Lake Charles, LA",46531,143440,30.22403,-93.22011
"Lake City, FL",46558,25623,30.19052,-82.63712
"Lake Conroe Eastshore, TX",46639,10121,30.16447,-95.47251
"Lake Conroe Westshore, TX",46666,20569,44.77966308,-72.06814221
"Lake Geneva, WI",46693,14649,42.59178,-88.43619
"Lake Havasu City, AZ",46747,53427,34.4744,-114.34632
"Lake Jackson, TX",46801,74830,29.03436,-95.4463
"Lakeland, FL",46828,262596,28.04419,-81.94786
"Lake Los Angeles, CA",46855,11808,34.60613,-117.82446
"Lake Placid, FL",47010,16351,27.29669,-81.36665
"Lakeport, CA",47071,16583,39.04371,-122.91516
"Lakes, AK",47132,44236,61.60712,-149.30861
"Lamesa, TX",47395,11579,32.73655,-101.95172
"Lancaster, OH",47503,42557,39.71379,-82.60428
"Lancaster, PA",47530,402004,40.03832,-76.30134
"Lancaster, SC",47557,23979,34.72096,-80.77112
"Lancaster, CA",47611,341219,34.69893,-118.14478
"Lansing, MI",47719,313532,42.73194,-84.55225
"Lapeer, MI",47746,13424,43.0526,-83.31536
"Laramie, WY",47827,31965,41.3108,-105.59035
"Laredo, TX",47854,235730,27.53092,-99.50223
"Las Cruces, NM",47935,128600,32.30691,-106.77785
"Las Vegas, NM",47989,15609,35.59567,-105.2163
"Las Vegas, NV",47995,1886011,36.17193,-115.14001
"Laurel, MS",48043,26131,31.69682,-89.13518
"Laurens, SC",48151,10336,34.4997,-82.01486
"Laurinburg, NC",48178,21161,34.77442,-79.46358
"Lawrence, KS",48232,88053,38.97307,-95.23618
"Lawrenceburg, KY",48259,12475,38.03719,-84.89587
"Lawrenceburg, TN",48286,10100,35.241,-87.33146
"Lawrenceburg, IN",48313,12977,39.09248,-84.8518
"Lawton, OK",48394,94457,34.60518,-98.38992
"Leavenworth, KS",48475,45283,39.31964,-94.91567
"Lebanon, IN",48502,15415,40.04758,-86.46776
"Lebanon, MO",48556,14046,37.678,-92.66051
"Lebanon, OR",48637,19744,44.53689,-122.90704
"Lebanon, PA",48664,77086,40.33049,-76.42588
"Lebanon, TN",48691,27653,36.20786,-86.28952
"Lebanon, NH",48728,25690,43.64508,-72.2538
"Leesburg, FL",48799,131337,28.8111,-81.87728
"Lee's Summit, MO",48826,85081,38.91439,-94.3755
"Leominster, MA",49096,116960,42.52688,-71.76194
"Levelland, TX",49204,13796,33.58733,-102.37855
"Lewes, DE",49231,24129,38.78043,-75.1308
"Lewisburg, TN",49258,10464,35.44911,-86.7888
"Lewiston, ID",49312,51924,46.41873,-117.01705
"Lewiston, ME",49339,59397,44.09856,-70.21834
"Lewistown, PA",49393,22181,40.59734,-77.57437
"Lexington, NE",49474,10464,40.77775,-99.7395
"Lexington-Fayette, KY",49582,290263,38.04859,-84.50032
"Lexington Park, MD",49594,58875,38.26564,-76.45275
"Liberal, KS",49636,20329,37.0324,-100.9268
"Lihue, HI",49771,13983,21.97505,-159.36908
"Lima, OH",49852,72852,40.74269,-84.10745
"Lincoln, IL",49906,18224,40.15206,-89.35791
"Lincoln, NE",49933,258719,40.81362,-96.7073
"Lincoln City, OR",49960,10526,44.93009,-124.01768
"Lincolnton, NC",49987,22686,35.47175,-81.25576
"Lindale, TX",50014,10021,32.51651,-95.40987
"Lindsay, CA",50041,14610,36.20387,-119.08926
"Little Rock, AR",50392,431388,34.7487,-92.27485
"Livermore, CA",50527,81624,37.6757,-121.75856
"Lockhart, TX",50743,12337,29.88476,-97.67185
"Lock Haven, PA",50770,17741,41.13766,-77.44223
"Lockport, NY",50797,36024,43.16926,-78.69511
"Lodi, CA",50851,68738,38.13018,-121.27552
"Logan, UT",50959,94983,41.73691,-111.83482
"Logan, WV",50986,10747,37.84736,-81.9943
"Logansport, IN",51013,21561,40.75375,-86.36021
"Lompoc, CA",51040,51509,34.64048,-120.45788
"London, OH",51121,14260,39.8862,-83.44839
"London, KY",51131,37367,37.12723,-84.08383
"Longmont, CO",51175,90897,40.16394,-105.10022
"Long Neck, DE",51202,14150,38.61973,-75.15109
"Longview, TX",51256,98884,32.50064,-94.74061
"Longview, WA",51283,63952,46.14681,-122.95058
"Lorain, OH",51364,180956,41.4682,-82.17815
"Los Alamos, NM",51418,10893,35.88101,-106.30522
"Los Angeles, CA",51445,12150996,34.05357,-118.24545
"Los Banos, CA",51472,35917,37.06138,-120.84758
"Los Lunas, NM",51499,63758,34.81187,-106.74294
"Louisville/Jefferson County, KY",51755,972546,38.25489,-85.76666
"Lovington, NM",51769,11592,32.94445,-103.34863
"Lubbock, TX",51877,237356,33.58451,-101.84501
"Ludington, MI",51958,10710,43.95547,-86.45233
"Lufkin, TX",51985,44927,31.34239,-94.71826
"Lumberton, NC",52066,29739,34.61898,-79.01398
"Lynchburg, VA",52201,116636,37.4142,-79.143
"Lynden, WA",52228,14533,48.9429,-122.45079
"McAlester, OK",52363,19501,34.93397,-95.76961
"McAllen, TX",52390,728825,26.2077,-98.22931
"Macclenny, FL",52417,10984,30.28246,-82.12186
"McComb, MS",52471,16388,31.24574,-90.4541
"McFarland, CA",52552,12826,35.67746,-119.22797
"McKinney, TX",52687,170030,33.19916,-96.615
"McMinnville, OR",52741,38970,45.2092,-123.19913
"McMinnville, TN",52768,15386,35.68094,-85.77449
"Macomb, IL",52795,19945,40.45993,-90.66946
"Macon, GA",52822,137570,32.83994,-83.62802
"McPherson, KS",52903,13083,38.36935,-97.66585
"Madera, CA",52984,78413,36.96205,-120.06399
"Madison, IN",53092,18271,38.73633,-85.38054
"Madison, WI",53200,401661,43.07313,-89.38644
"Madisonville, KY",53227,24809,37.32787,-87.4989
"Magnolia, AR",53362,10438,33.2675,-93.24086
"Mahomet, IL",53416,11044,40.1919,-88.40684
"Malone, NY",53524,10825,44.84879,-74.29497
"Malvern, AR",53551,11186,34.36278,-92.81273
"Manchester, NH",53740,158377,42.9912,-71.4631
"Manchester, TN",53767,11379,35.47597,-86.08069
"Mandeville, LA",53794,88925,30.3725,-90.07911
"Manhattan, KS",53848,54622,39.17881,-96.56184
"Manitowoc, WI",53956,46360,44.10787,-87.66172
"Mankato, MN",53983,57584,44.1674,-94.00241
"Mansfield, OH",54091,75250,40.75854,-82.51524
"Manteca, CA",54145,83578,37.79917,-121.23219
"Maricopa, AZ",54477,42337,33.0593,-112.04809
"Marietta, OH",54486,22428,39.42393,-81.46119
"Marinette, WI",54496,19431,45.09976,-87.63301
"Marion, IN",54577,43519,40.55881,-85.66067
"Marion, NC",54631,13363,35.68431,-82.00838
"Marion, OH",54658,46384,40.58382,-83.12852
"Marion Oaks, FL",54739,14160,29.02568,-82.18135
"Marquette, MI",54874,26946,46.54584,-87.41263
"Marshall, MN",54982,13464,44.44901,-95.79167
"Marshall, MO",55009,12665,39.12027,-93.19581
"Marshall, TX",55036,21979,32.54634,-94.35011
"Marshalltown, IA",55090,26858,42.04977,-92.90802
"Marshfield, WI",55144,19421,44.66698,-90.17363
"Martin, TN",55171,11397,36.34293,-88.85047
"Martinsville, IN",55225,13276,39.42786,-86.42671
"Martinsville, VA",55252,35091,36.68996,-79.86881
"Marysville, OH",55306,22348,40.23532,-83.36674
"Marysville, WA",55333,145140,48.06114,-122.1769
"Maryville, MO",55360,13220,40.34746,-94.8729
"Mason City, IA",55414,27115,43.14667,-93.20109
"Massena, NY",55468,11259,44.93182,-74.89298
"Mattoon, IL",55576,18978,39.48155,-88.37585
"Mauldin, SC",55603,120577,34.77875,-82.3091
"Mayaguez, PR",55738,109572,18.20368,-67.1469
"Mayfield, KY",55765,11356,36.74144,-88.63459
"Maysville, KY",55819,11454,38.64539,-83.76014
"Meadville, PA",55900,23887,41.63651,-80.15157
"Mecca, CA",55927,11253,33.57195,-116.07342
"Medford, OR",55981,154081,42.32356,-122.87561
"Memphis, TN",56116,1060061,35.14976,-90.04925
"Mendota, CA",56170,11211,36.75406,-120.37884
"Menomonie, WI",56224,17844,44.88159,-91.92938
"Merced, CA",56251,136969,37.30152,-120.4869
"Meridian, MS",56305,41531,32.36508,-88.70308
"Merrill, WI",56359,10282,45.18095,-89.69374
"Mesquite, NV",56413,14284,36.80393,-114.06669
"Mexico, MO",56548,11356,39.17263,-91.88725
"Miami, FL",56602,5502379,25.77481,-80.19773
"Miami, OK",56629,16144,36.87404,-94.87756
"Michigan City, IN",56656,66025,41.71936,-86.90317
"Middlesborough, KY",56818,15330,36.6182032,-83.762857
"Middletown, DE",56845,29415,39.45028,-75.71684
"Middletown, NY",56899,58381,41.44584,-74.42261
"Middletown, OH",56926,97503,39.51163,-84.40286
"Midland, MI",56980,59014,43.61708,-84.24506
"Midland, TX",57007,117807,32.00002,-102.07446
"Milford, DE",57196,18009,38.9107,-75.42854
"Milledgeville, GA",57223,29808,33.08151,-83.22548
"Milton, PA",57439,30806,41.02024,-76.85413
"Milwaukee, WI",57466,1376476,43.04223,-87.9069
"Minden, LA",57493,13338,32.61518,-93.286
"Mineral Wells, TX",57574,16109,32.81072,-98.07245
"Minneapolis, MN",57628,2650890,44.97902,-93.26494
"Minot, ND",57655,42650,48.2361,-101.2961
"Mission Viejo, CA",57709,583681,33.62007,-117.67709
"Missoula, MT",57736,82157,46.87278,-113.99625
"Mitchell, SD",57817,14955,43.70214,-98.02868
"Moberly, MO",57898,13933,39.42796,-92.43327
"Mobile, AL",57925,326183,30.68648,-88.05297
"Modesto, CA",58006,358172,37.64155,-121.00346
"Monessen, PA",58168,66086,40.16103,-79.88217
"Monmouth, OR",58249,18167,44.84855,-123.23701
"Monroe, GA",58303,15854,33.79584,-83.71342
"Monroe, LA",58330,116533,32.50983,-92.11879
"Monroe, MI",58357,51240,41.91606,-83.3979
"Monroe, WI",58384,10883,42.60302,-89.64506
"Montgomery, AL",58600,263907,32.38015,-86.30008
"Monticello, MN",58870,25536,45.30558,-93.79428
"Montrose, CO",58951,22706,38.47862,-107.87759
"Morehead City, NC",59194,44798,34.72179,-76.71758
"Morgan City, LA",59221,32022,29.70124,-91.20292
"Morgantown, WV",59275,70350,39.63053,-79.95771
"Morris, IL",59329,15668,41.35892,-88.42498
"Morristown, TN",59410,59036,36.21504,-83.29305
"Morro Bay, CA",59437,26772,35.36692,-120.84669
"Moscow, ID",59491,24212,46.73235,-117.00038
"Moses Lake, WA",59518,32978,47.13196,-119.2771
"Moultrie, GA",59572,18677,31.18043,-83.78883
"Mountain Home, AR",59680,14180,36.33526,-92.38529
"Mountain Home, ID",59707,16531,43.13151,-115.69347
"Mount Airy, NC",59815,19457,36.4993,-80.60729
"Mount Pleasant, MI",60112,37447,43.59723,-84.76815
"Mount Pleasant, TX",60166,15987,33.15679,-94.96827
"Mount Pocono, PA",60195,24216,41.12203,-75.36463
"Mount Sterling, KY",60274,10835,38.05647,-83.94326
"Mount Vernon, IL",60328,16008,38.31728,-88.90364
"Mount Vernon, OH",60463,22153,40.3934,-82.48572
"Mount Vernon, WA",60490,62966,48.42122,-122.33405
"Mukwonago, WI",60517,20255,42.89328,-88.38527
"Muncie, IN",60625,90580,40.19316,-85.38173
"Murfreesboro, TN",60733,133228,35.84508,-86.39503
"Murray, KY",60787,19072,36.61034,-88.3021
"Murrieta, CA",60799,441546,33.55843,-117.21179
"Muscatine, IA",60814,25342,41.42208,-91.04317
"Muskegon, MI",60841,161280,43.23425,-86.24482
"Muskogee, OK",60868,42052,35.74848,-95.36905
"Myrtle Beach, SC",60895,215304,33.69373,-78.88232
"Mystic Island, NJ",60930,22217,39.54428,-74.38237
"Nacogdoches, TX",60949,34546,31.60378,-94.6559
"Nampa, ID",60976,151499,43.58263,-116.56962
"Napa, CA",61057,83913,38.29911,-122.28541
"Nashua, NH",61165,226400,42.75881,-71.46442
"Nashville-Davidson, TN",61273,969587,36.16784,-86.77816
"Natchez, MS",61327,28199,31.55921,-91.39821
"Natchitoches, LA",61354,19763,31.76095,-93.08698
"Neosho, MO",61543,11955,36.86848,-94.36536
"Newark, NY",61678,13799,43.04632,-77.09522
"Newark, OH",61705,76068,40.06027,-82.40405
"New Bedford, MA",61786,149443,41.6378,-70.93089
"Newberg, OR",61813,27001,45.30032,-122.97558
"New Bern, NC",61840,50503,35.10847,-77.04151
"Newberry, SC",61894,12046,34.27455,-81.61924
"New Castle, IN",62137,22816,39.93122,-85.36957
"New Castle, PA",62164,41907,41.00197,-80.34724
"New Freedom, PA",62353,14179,39.7384,-76.70192
"New Haven, CT",62407,562839,41.30801,-72.92432
"Newman, CA",62569,10223,37.31733,-121.02201
"New Orleans, LA",62677,899703,29.9537,-90.07775
"New Philadelphia, OH",62731,46366,40.48976,-81.44639
"Newport, OR",62839,11188,44.63227,-124.0576
"Newport, TN",62893,11603,35.96667,-83.18493
"Newton, IA",63082,15655,41.69927,-93.04286
"Newton, KS",63109,20654,38.05329,-97.34513
"Newton, NJ",63137,11941,41.05857,-74.75319
"New Ulm, MN",63163,13367,44.31245,-94.46068
"New York, NY",63217,18351295,40.71455,-74.00714
"Nicholasville, KY",63244,28058,37.88679,-84.57035
"Nipomo, CA",63282,15882,35.04271,-120.47629
"Nogales, AZ",63325,32044,31.33783,-110.94006
"Norfolk, NE",63406,26769,42.03271,-97.41106
"Norman, OK",63433,103898,35.22097,-97.4461
"North Adams, MA",63460,18470,42.69991,-73.11504
"Northfield, MN",63676,21535,44.4496,-93.15376
"North Platte, NE",63811,25213,41.13632,-100.76333
"North Port, FL",63838,169541,27.07514,-82.20681
"North Vernon, IN",63865,11354,39.00576,-85.62392
"North Wilkesboro, NC",63946,18264,36.161,-81.14277
"Norton, VA",64027,10510,36.93602,-82.62314
"Norwalk, OH",64054,20806,41.24216,-82.61538
"Norwich, CT",64135,209190,41.52676,-72.07568
"Oak Harbor, WA",64378,33004,48.29061,-122.64722
"Oak Island, NC",64459,11226,33.90898,-78.10875
"Ocala, FL",64567,156909,29.18775,-82.14041
"Ocean Pines, MD",64660,33105,38.39549,-75.15522
"Ocean View, DE",64702,12342,38.54645,-75.09005
"Odessa, TX",64864,126405,31.84915,-102.37519
"Ogden, UT",64945,546026,41.22257,-111.97047
"Ogdensburg, NY",64972,11344,44.69424,-75.48994
"Oil City, PA",64999,15296,41.42817,-79.71196
"Okeechobee, FL",65026,25378,27.24374,-80.83224
"Oklahoma City, OK",65080,861505,35.47203,-97.52107
"Okmulgee, OK",65107,14053,35.62326,-95.97629
"Olean, NY",65161,22324,42.07761,-78.42814
"Olympia, WA",65242,176617,47.03956,-122.89166
"Omaha, NE",65269,725008,41.26068,-95.94026
"Oneida, NY",65404,21784,43.09938,-75.6556
"Oneonta, NY",65512,17229,42.4556,-75.05992
"Ontario, OR",65539,25539,44.02569,-116.96586
"Opelousas, LA",65593,25534,30.533,-92.08235
"Orangeburg, SC",65701,33506,33.48935,-80.86472
"Oregon, WI",65809,11059,42.91669,-89.38712
"Orlando, FL",65863,1510516,28.53823,-81.37739
"Orosi, CA",65917,15150,36.54559,-119.28692
"Oroville, CA",65944,37122,39.51388,-121.5561
"Oshkosh, WI",66160,74495,44.02491,-88.54443
"Oskaloosa, IA",66187,12545,41.29692,-92.64508
"Oswego, NY",66241,39385,43.45646,-76.51119
"Othello, WA",66268,11207,46.82616,-119.1742
"Otsego, MI",66285,11740,42.46051,-85.69685
"Ottawa, IL",66295,20612,41.34656,-88.84266
"Ottawa, KS",66322,12450,38.60886,-95.26867
"Ottumwa, IA",66376,24771,41.02046,-92.4162
"Owatonna, MN",66430,25394,44.09338,-93.22938
"Owensboro, KY",66484,70543,37.77421,-87.11351
"Owosso, MI",66538,22426,42.99758,-84.17625
"Oxford, MS",66565,25768,34.36402,-89.51894
"Oxford, OH",66619,21376,39.51049,-84.74275
"Oxnard, CA",66673,367260,34.20034,-119.18012
"Ozark, AL",66690,12066,31.45895,-85.64071
"Pacific, MO",66740,10327,38.48383,-90.74141
"Paducah, KY",66781,48791,37.08571,-88.59585
"Pahrump, NV",66943,28446,36.21357,-115.99141
"Palatka, FL",67051,23982,29.64858,-81.63737
"Palestine, TX",67078,19254,31.7617,-95.632
"Palm Bay, FL",67105,452791,27.9999,-80.67262
"Palm Coast, FL",67134,349064,29.54936,-81.23051
"Pampa, TX",67240,18166,35.53187,-100.95877
"Panama City, FL",67294,143280,30.15987,-85.66033
"Paradise, CA",67375,34725,39.75077,-121.60773
"Paragould, AR",67402,24620,36.05695,-90.48737
"Paris, KY",67510,11042,38.20972,-84.25268
"Paris, TN",67537,10642,36.30189,-88.32625
"Paris, TX",67564,26349,33.66128,-95.56356
"Park City, UT",67618,13352,40.64385,-111.49433
"Parkersburg, WV",67672,67229,39.26372,-81.55857
"Parlier, CA",67753,14490,36.6147,-119.54772
"Parsons, KS",67780,10298,37.34051,-95.25839
"Pascagoula, MS",67807,50428,30.3656,-88.55648
"Patterson, CA",67861,20781,37.4729,-121.12945
"Pawleys Island, SC",67996,11532,33.43864,-79.12754
"Paw Paw Lake, MI",68106,11589,42.21189,-86.27187
"Payson, AZ",68158,14210,34.2316,-111.32446
"Pecos, TX",68266,11785,31.42564,-103.49423
"Pell City, AL",68374,11096,33.58608,-86.28641
"Pendleton, OR",68428,17216,45.67179,-118.7864
"Pensacola, FL",68482,340067,30.42084,-87.21723
"Peoria, IL",68509,266921,40.69236,-89.58799
"Peru, IN",68806,13095,40.75244,-86.06808
"Peru, IL",68833,32048,41.32762,-89.1285
"Petaluma, CA",68887,64078,38.23247,-122.64444
"Philadelphia, PA",69076,5441567,39.95222,-75.16218
"Philipsburg, PA",69130,10015,40.89621,-78.22104
"Phoenix, AZ",69184,3629114,33.44825,-112.0758
"Picayune, MS",69211,16792,30.52653,-89.67968
"Pierre, SD",69292,14425,44.36905,-100.35
"Pine Bluff, AR",69454,53495,34.22353,-92.0034
"Pinehurst, NC",69517,36272,35.1913,-79.47198
"Piqua, OH",69616,21104,40.14761,-84.2398
"Pittsburg, KS",69643,22918,37.41073,-94.70483
"Pittsburgh, PA",69697,1733853,40.43851,-79.99734
"Pittsfield, MA",69778,59124,42.44771,-73.25414
"Placerville, CA",69832,29700,38.72791,-120.80332
"Plainview, TX",69967,25810,34.19781,-101.69815
"Platteville, WI",70129,11236,42.73534,-90.47997
"Plattsburgh, NY",70156,29438,44.69913,-73.45303
"Pleasanton, TX",70237,12468,28.96776,-98.47882
"Plymouth, IN",70291,12498,41.3431,-86.30949
"Pocatello, ID",70426,69809,42.87497,-112.45056
"Poinciana, FL",70480,41922,28.14029,-81.45841
"Point Pleasant, OH",70507,11217,38.89458,-84.23348
"Ponca City, OK",70615,26047,36.70358,-97.07928
"Ponce, PR",70642,149539,18.01165,-66.61442
"Pontiac, IL",70669,12323,40.88116,-88.6292
"Poplar Bluff, MO",70804,20463,36.75698,-90.39327
"Portage, WI",70858,10391,43.53835,-89.45796
"Portales, NM",70912,12610,34.18431,-103.3396
"Port Angeles, WA",70939,22863,48.11872,-123.4313
"Port Arthur, TX",70993,153150,29.8994,-93.92949
"Port Clinton, OH",71047,13349,41.51329,-82.94145
"Porterville, CA",71074,70272,36.07096,-119.01619
"Port Huron, MI",71155,87106,42.97589,-82.42919
"Port Isabel, TX",71182,14950,26.07743,-97.2084
"Port Jervis, NY",71209,16787,41.37485,-74.69142
"Portland, ME",71263,203914,43.65915,-70.25668
"Portland, OR",71317,1849898,45.51179,-122.67563
"Portland, TN",71344,10869,36.57962,-86.51564
"Port Lavaca, TX",71371,11817,28.61596,-96.62357
"Port St. Lucie, FL",71479,376047,27.27481,-80.36367
"Portsmouth, NH",71506,88200,43.07066,-70.77217
"Portsmouth, OH",71533,36232,38.74535,-82.99273
"Pottstown, PA",71749,107682,40.2465,-75.64853
"Pottsville, PA",71776,43247,40.68546,-76.19539
"Poughkeepsie, NY",71803,423566,41.70712,-73.92915
"Prescott Valley, AZ",72112,84744,34.586,-112.32315
"Price, UT",72235,14187,39.60101,-110.81099
"Princess Anne, MD",72262,10396,38.20978,-75.69495
"Prineville, OR",72424,10905,44.30292,-120.84376
"Providence, RI",72505,1190956,41.82387,-71.41199
"Provo, UT",72559,482819,40.2337,-111.66889
"Pueblo, CO",72613,136550,38.26375,-104.61252
"Pukalani, HI",72640,26128,20.83921,-156.34108
"Pulaski, VA",72694,16066,37.04939,-80.77987
"Pullman, WA",72748,29729,46.73015,-117.18147
"Purcellville, VA",72856,11951,39.13668,-77.71437
"Quincy, IL",73045,45228,39.93559,-91.39583
"Racine, WI",73153,133700,42.72564,-87.78955
"Raleigh, NC",73261,884891,35.78547,-78.6427
"Ramona, CA",73288,25913,33.04195,-116.86872
"Rantoul, IL",73369,14071,40.3085,-88.14622
"Rapid City, SD",73396,81251,44.08146,-103.2308
"Raymondville, TX",73612,14481,26.48189,-97.78192
"Reading, PA",73693,266254,40.33662,-75.92784
"Red Bluff, CA",73720,18434,40.17806,-122.23539
"Redding, CA",73774,117731,40.5876,-122.39255
"Redmond, OR",73882,27685,44.27257,-121.17589
"Red Wing, MN",73963,14367,44.56657,-92.53437
"Reedley, CA",74044,46247,36.5946,-119.45286
"Reidsville, NC",74152,14067,36.35955,-79.66423
"Reno, NV",74179,392141,39.52766,-119.81353
"Rexburg, ID",74260,26852,43.82608,-111.78252
"Richmond, IN",74638,44136,39.83041,-84.89029
"Richmond, KY",74665,35540,37.74881,-84.29757
"Richmond, VA",74746,953556,37.54068,-77.43367
"Ridgecrest, CA",74827,31155,35.62248,-117.66798
"Rifle, CO",74935,10479,39.53325,-107.78331
"Rincon, GA",74989,12111,32.29598,-81.23575
"Rio Grande City, TX",75072,46344,26.3779,-98.81471
"River Falls, WI",75286,15351,44.85418,-92.62812
"Riverside, CA",75340,1932666,33.98171,-117.37404
"Riverton, WY",75367,12265,43.02467,-108.38093
"Roanoke, VA",75421,210111,37.27152,-79.94057
"Roanoke Rapids, NC",75448,24450,36.47628,-77.64627
"Robstown, TX",75556,11991,27.78947,-97.66421
"Rochelle, IL",75583,11342,41.93345,-89.0683
"Rochester, MN",75637,107677,44.01932,-92.45933
"Rochester, NY",75664,720572,43.1558,-77.61632
"Rockford, IL",75718,296863,42.2669,-89.0774
"Rock Hill, SC",75745,104996,34.92428,-81.02709
"Rockingham, NC",75772,25404,34.93601,-79.77435
"Rockport, TX",75853,16322,28.02727,-97.05484
"Rock Springs, WY",75880,26352,41.58632,-109.22267
"Rocky Mount, NC",75988,68243,35.94884,-77.79499
"Rolla, MO",76123,20160,37.95147,-91.76931
"Rome, GA",76204,60851,34.24489,-85.16679
"Rome, NY",76231,33428,43.21516,-75.45336
"Rosamond, CA",76285,16000,34.86438,-118.16344
"Roseburg, OR",76339,41700,43.21089,-123.34327
"Roswell, NM",76447,49727,33.39509,-104.52275
"Round Lake Beach, IL",76474,290373,42.38389,-88.07103
"Russellville, AR",76933,32733,35.27829,-93.13481
"Ruston, LA",76987,27724,32.53049,-92.63981
"Rutland, VT",77014,19840,43.60509,-72.97828
"Sacramento, CA",77068,1723634,38.57944,-121.49085
"Safford, AZ",77095,19151,32.83437,-109.7086
"Saginaw, MI",77149,126265,43.4194,-83.94652
"Sahuarita, AZ",77161,40691,31.95775,-110.96637
"St. Augustine, FL",77230,69173,29.89469,-81.31452
"St. Cloud, MN",77338,110621,45.56586,-94.19752
"St. George, UT",77446,98370,37.10415,-113.58412
"St. Helens, OR",77527,25650,45.864,-122.80649
"St. Joseph, MO",77743,81176,39.7666,-94.85607
"St. Louis, MO",77770,2150706,38.62775,-90.19956
"St. Marys, GA",77932,34630,30.73051,-81.54649
"St. Peter, MN",78013,11634,44.32358,-93.95801
"St. Simons, GA",78026,12226,31.13523,-81.3901
"Salem, OH",78202,18617,40.90098,-80.85579
"Salem, OR",78229,236632,44.93326,-123.04381
"Salina, KS",78283,47493,38.84054,-97.6097
"Salinas, CA",78310,184809,36.67087,-121.65483
"Salisbury, MD",78364,98081,38.36573,-75.59532
"Salt Lake City, UT",78499,1021243,40.76031,-111.88822
"San Angelo, TX",78553,92984,31.46183,-100.44256
"San Antonio, TX",78580,1758210,29.42458,-98.49461
"San Diego, CA",78661,2956746,32.71568,-117.16171
"Sandpoint, ID",78715,10840,48.27295,-116.54781
"Sandusky, OH",78769,48990,41.44876,-82.70737
"Sanford, ME",78850,13584,43.43753,-70.77231
"Sanford, NC",78877,33120,35.46622,-79.15925
"San Francisco, CA",78904,3281212,37.77712,-122.41964
"Sanger, CA",78931,26604,36.70887,-119.55643
"San German, PR",78985,118199,18.11109615,-67.0384508
"San Jose, CA",79039,1664496,37.33865,-121.88542
"San Juan, PR",79093,2148346,18.46633,-66.10473
"San Luis, AZ",79120,24091,32.48992,-114.78225
"San Luis Obispo, CA",79147,59219,35.28579,-120.66275
"San Marcos, TX",79201,52826,29.88608,-97.92818
"Santa Barbara, CA",79282,195861,34.41938,-119.69905
"Santa Clarita, CA",79309,258653,34.41389,-118.55118
"Santa Cruz, CA",79336,163703,36.97424,-122.03098
"Santa Fe, NM",79363,89284,35.69177,-105.93824
"Santa Isabel, PR",79390,10550,17.99623252,-66.38920035
"Santa Maria, CA",79417,130447,34.95313,-120.43453
"Santa Paula, CA",79444,29742,34.35215,-119.05958
"Santa Rosa, CA",79498,308231,38.43808,-122.71247
"Sarasota, FL",79606,643260,27.33889,-82.53887
"Saratoga Springs, NY",79633,64100,43.08411,-73.78441
"Sault Ste. Marie, MI",79714,13114,46.49231,-84.35172
"Savannah, GA",79768,260677,32.08091,-81.09119
"Sayre, PA",79903,17991,41.98527,-76.52721
"Scottsbluff, NE",80065,25946,41.86219,-103.66274
"Scottsboro, AL",80092,10069,34.6852,-86.09461
"Scottsburg, IN",80119,11434,38.68578,-85.76922
"Scranton, PA",80227,381502,41.41015,-75.66078
"Searcy, AR",80308,25979,35.25081,-91.74023
"Seaside, CA",80362,114237,36.60404,-121.8535
"Seattle, WA",80389,3059393,47.60357,-122.32945
"Sebastian, FL",80400,149422,27.81717,-80.47402
"Sebring, FL",80416,61625,27.49597,-81.44079
"Sedalia, MO",80443,26178,38.71077,-93.22806
"Seguin, TX",80497,24122,29.56951,-97.96466
"Selma, AL",80524,23821,32.41279,-87.02282
"Selma, CA",80551,41810,36.56754,-119.61078
"Seneca, SC",80671,26054,34.68548,-82.95568
"Sequim, WA",80686,19286,48.07965,-123.10367
"Sevierville, TN",80713,22108,35.86926,-83.56767
"Seymour, IN",80794,20695,38.95726,-85.88898
"Shady Side, MD",80902,10784,38.84279,-76.51575
"Shafter, CA",80929,18098,35.50499,-119.27705
"Shamokin, PA",80985,30185,40.78435,-76.55889
"Shawano, WI",81064,10527,44.78281,-88.6094
"Shawnee, OK",81091,34255,35.33269,-96.92485
"Sheboygan, WI",81118,71313,43.74978,-87.71343
"Shelby, NC",81199,27374,35.29175,-81.5402
"Shelbyville, IN",81280,20795,39.52153,-85.77702
"Shelbyville, KY",81307,20621,38.21237,-85.22524
"Shelbyville, TN",81334,20005,35.48302,-86.45999
"Shelton, WA",81415,18705,47.21248,-123.10565
"Shenandoah, PA",81472,19009,40.82045,-76.20157
"Sheridan, WY",81604,18786,44.79792,-106.95587
"Sherman, TX",81631,61900,33.63604,-96.60913
"Shippensburg, PA",81658,17008,40.05194,-77.51692
"Show Low, AZ",81712,10409,34.25045,-110.04252
"Shreveport, LA",81739,298317,32.51487,-93.74689
"Sidney, OH",81874,21956,40.28688,-84.15422
"Sierra View, PA",81889,28347,41.01207,-75.459
"Sierra Vista, AZ",81901,52745,31.56942,-110.27468
"Sikeston, MO",81928,16536,36.87652,-89.58829
"Siloam Springs, AR",81982,19326,36.18863,-94.54134
"Silver City, NM",82036,12705,32.77022,-108.27496
"Silverthorne, CO",82090,15351,39.63704,-106.07311
"Simi Valley, CA",82144,125206,34.28946,-118.71766
"Sioux City, IA",82225,106494,42.4999,-96.42086
"Sioux Falls, SD",82252,156777,43.54577,-96.73128
"Slidell, LA",82468,91151,30.27621,-89.78163
"Smithfield, NC",82522,27155,35.51175,-78.34729
"Smithfield, VA",82549,10215,36.9815,-76.63407
"Snoqualmie, WA",82675,20592,47.52716,-121.82432
"Snyder, TX",82711,11557,32.71715,-100.91776
"Soledad, CA",82846,25943,36.42861,-121.32752
"Solvang, CA",82873,14862,34.59606,-120.1442
"Somerset, KY",82900,29042,37.09341,-84.60081
"Somerset, PA",82927,12583,40.00846,-79.07911
"Somerton, AZ",82981,16988,32.59664,-114.71008
"Sonoma, CA",83008,32678,38.29188,-122.45728
"Sonora, CA",83073,28255,37.98329,-120.38219
"South Bend, IN",83116,278165,41.67907,-86.25405
"South Lake Tahoe, CA",83305,29107,38.91162,-120.00781
"South Lyon, MI",83332,119509,42.46058,-83.65318
"Spartanburg, SC",83548,180786,34.94838,-81.93494
"Spearfish, SD",83575,11459,44.49058,-103.85909
"Spencer, IA",83629,10952,43.14187,-95.1447
"Spirit Lake, IA",83710,10826,43.42301,-95.10226
"Spokane, WA",83764,387847,47.65726,-117.41228
"Spout Springs, NC",83818,14488,35.2679,-79.05726
"Springfield, IL",83899,161316,39.8013,-89.6436
"Springfield, MA",83926,621300,42.10125,-72.58929
"Springfield, MO",83953,273724,37.20897,-93.29159
"Springfield, OH",83980,85256,39.92503,-83.80673
"Springfield, TN",83993,17357,36.50939,-86.88542
"Spring Hill, FL",84024,148220,28.45904,-82.62749
"Spring Hill, TN",84088,31208,35.75183,-86.92952
"Springs, NY",84115,12604,41.01686,-72.15895
"Starkville, MS",84466,30307,33.46592,-88.81288
"State College, PA",84493,87454,40.79373,-77.8607
"Statesboro, GA",84547,36314,32.44891,-81.78333
"Staunton, VA",84630,56611,38.15001,-79.07272
"Stayton, OR",84655,10291,44.80256,-122.79433
"Steamboat Springs, CO",84682,12888,40.48785,-106.83639
"Stephenville, TX",84763,16796,32.22032,-98.20195
"Sterling, CO",84790,16088,40.6266,-103.2064
"Sterling, IL",84817,28827,41.79405,-89.69882
"Stevens Point, WI",84871,44223,44.52412,-89.57479
"Stillwater, OK",85033,44515,36.11665,-97.05863
"Stockton, CA",85087,370583,37.95373,-121.29046
"Storm Lake, IA",85114,11364,42.64746,-95.20141
"Streator, IL",85222,17797,41.12147,-88.83419
"Sturgis, MI",85303,13040,41.80025,-85.41869
"Sulphur Springs, TX",85546,14196,33.13796,-95.60289
"Summerville, GA",85654,11041,34.47744,-85.34831
"Sumter, SC",85708,73107,33.92438,-80.34319
"Sunbury, PA",85762,29541,40.86276,-76.7962
"Sun City Hilton Head, SC",85775,12555,32.21632,-80.75261
"Sunnyside, WA",85789,17327,46.32379,-120.00949
"Susanville, CA",85870,10285,40.4157,-120.64983
"Swansboro, NC",86024,16335,34.69272,-77.12917
"Sweetwater, TX",86167,10247,32.47459,-100.39899
"Sylacauga, AL",86194,17991,33.17156,-86.25025
"Syracuse, NY",86302,412317,43.05042,-76.14738
"Taft, CA",86329,14985,35.14254,-119.45763
"Tafuna, AS",86369,43450,-14.33583,-170.72
"Tahlequah, OK",86383,18521,35.91147,-94.973
"Talladega, AL",86437,13493,33.43451,-86.10269
"Tallahassee, FL",86464,240223,30.43977,-84.28065
"Tamaqua, PA",86572,15200,40.79732,-75.96874
"Tampa, FL",86599,2441770,27.94653,-82.45927
"Taos, NM",86653,13686,36.41202,-105.57412
"Tarboro, NC",86707,13581,35.90722,-77.54093
"Taylor, TX",86734,14436,30.57015,-97.40965
"Taylorville, IL",86788,13742,39.55226,-89.29139
"Tehachapi, CA",86869,16540,35.13224,-118.44911
"Temple, TX",87058,90390,31.09747,-97.34303
"Terre Haute, IN",87139,92742,39.46649,-87.41301
"Terrell, TX",87166,14834,32.73797,-96.27483
"Texarkana, TX",87193,78162,33.42558,-94.04825
"Texas City, TX",87220,106383,29.39299,-94.92508
"The Dalles, OR",87263,17665,45.60155,-121.18343
"Thomaston, GA",87382,14416,32.89903,-84.32852
"Thomasville, GA",87436,24139,30.83642,-83.98049
"Thousand Oaks, CA",87490,214811,34.1757,-118.84809
"Three Rivers, MI",87517,10820,41.94266,-85.6364
"Tiffin, OH",87598,19546,41.11549,-83.1767
"Tifton, GA",87625,23757,31.45209,-83.50958
"Titusville, FL",87787,54386,28.60803,-80.8077
"Toccoa, GA",87841,10846,34.57962,-83.33314
"Toledo, OH",87868,507643,41.65381,-83.53626
"Tooele, UT",88057,31058,40.53408,-112.29849
"Topeka, KS",88084,150003,39.04928,-95.67118
"Toppenish, WA",88111,14512,46.37508,-120.31298
"Torrington, CT",88192,42754,41.80137,-73.0862
"Tracy, CA",88273,87569,37.7397,-121.42641
"Traverse City, MI",88300,47109,44.75999,-85.61584
"Trenton, NJ",88462,296668,40.21788,-74.7594
"Troy, AL",88543,15897,31.80967,-85.97217
"Troy, MO",88570,13231,38.9866,-90.98135
"Truckee, CA",88624,12139,39.32612,-120.21215
"Tucson, AZ",88732,843168,32.22177,-110.96977
"Tullahoma, TN",88921,17250,35.3624,-86.21201
"Tulsa, OK",88948,655479,36.15011,-95.99352
"Tupelo, MS",89029,40995,34.25741,-88.70783
"Turlock, CA",89083,99904,37.49528,-120.84672
"Tuscaloosa, AL",89110,139114,33.21042,-87.56625
"Twentynine Palms, CA",89191,12895,34.13561,-116.05461
"Twin Falls, ID",89245,48836,42.55619,-114.4696
"Twin Rivers, NJ",89263,64037,40.26386,-74.49444
"Tyler, TX",89326,130247,32.34763,-95.2943
"Ukiah, CA",89380,29709,39.15093,-123.2079
"Union, SC",89488,10033,34.7153,-81.62316
"Union City, TN",89569,10303,36.42413,-89.05727
"Uniontown, PA",89650,51370,39.9021,-79.72418
"Urbana, OH",89758,11699,40.10914,-83.75238
"Urban Honolulu, HI",89770,802459,21.30493,-157.85788
"Utica, NY",89785,117328,43.09589,-75.24258
"Uvalde, TX",89839,18118,29.2073,-99.79383
"Vacaville, CA",89866,93141,38.35218,-121.99263
"Valdosta, GA",89974,77085,30.83505,-83.2811
"Vallejo, CA",90028,165074,38.10095,-122.25495
"Valley, AL",90082,20760,32.84396,-85.18093
"Van Wert, OH",90217,10747,40.86963,-84.58003
"Vermillion, SD",90325,10492,42.78666,-96.92803
"Vernal, UT",90352,17321,40.45572,-109.52884
"Vernon, TX",90379,10572,34.15351,-99.28445
"Versailles, KY",90433,15907,38.05228,-84.73041
"Vicksburg, MS",90487,29022,32.35004,-90.88155
"Victoria, TX",90514,63683,28.80594,-97.00357
"Victorville, CA",90541,328454,34.51167,-117.32364
"Vidalia, GA",90568,13442,32.21728,-82.41245
"Villas, NJ",90658,51291,39.02889,-74.93954
"Vincennes, IN",90703,21302,38.6781,-87.53224
"Vineland, NJ",90730,95259,39.48619,-75.02614
"Vineyard Haven, MA",90757,10082,41.45348,-70.60341
"Virginia, MN",90865,12883,47.52299,-92.53298
"Virginia Beach, VA",90892,1439666,36.75531,-76.05968
"Visalia, CA",90946,219454,36.33377,-119.29259
"Wabash, IN",91000,10418,40.79668,-85.82058
"Waco, TX",91027,172378,31.57182,-97.1495
"Waconia, MN",91054,10748,44.84798,-93.78916
"Wahpeton, ND",91189,11113,46.26393,-96.60471
"Walden, NY",91252,11565,41.56074,-74.19073
"Waldorf, MD",91261,109919,38.6245,-76.90845
"Walla Walla, WA",91405,55805,46.07068,-118.34261
"Wapakoneta, OH",91675,10684,40.56789,-84.19476
"Warner Robins, GA",91783,133109,32.62098,-83.5999
"Warren, PA",91837,15420,41.84403,-79.14349
"Warrensburg, MO",91864,20677,38.77122,-93.7412
"Warsaw, IN",91999,30166,41.23881,-85.85279
"Warwick, NY",92134,12080,41.25848,-74.35825
"Wasco, CA",92161,25489,35.59402,-119.33373
"Washington, DC",92242,4586770,38.89037,-77.03196
"Washington, IN",92296,12462,38.65766,-87.17018
"Washington, MO",92350,14316,38.55378,-91.00092
"Washington, NJ",92377,15385,40.75934,-74.97526
"Washington, NC",92404,16429,35.54532,-77.06048
"Washington Court House, OH",92431,15168,39.53535,-83.44047
"Waterbury, CT",92485,194535,41.5549,-73.04647
"Waterloo, IA",92593,113418,42.49329,-92.34194
"Watertown, NY",92674,57840,43.97586,-75.91428
"Watertown, SD",92701,21111,44.9006,-97.1058
"Watertown, WI",92728,23347,43.19736,-88.72047
"Waterville, ME",92782,25689,44.55279,-69.63135
"Watsonville, CA",92890,73534,36.90903,-121.75552
"Wauchula, FL",92917,14621,27.54734,-81.81297
"Waupun, WI",92998,11373,43.6332,-88.73352
"Wausau, WI",93025,74632,44.95953,-89.63031
"Waycross, GA",93187,25723,31.21135,-82.35845
"Waynesboro, PA",93322,25912,39.75621,-77.57855
"Weatherford, OK",93457,10713,35.52605,-98.70708
"Weatherford, TX",93484,34824,32.75901,-97.80084
"Weirton, WV",93592,70889,40.41871,-80.58948
"Wenatchee, WA",93862,67227,47.41494,-120.30522
"Wendell, NC",93880,13209,35.78447,-78.37067
"West Bend, WI",93916,68444,43.40877,-88.18113
"Westminster, MD",94294,72714,39.57467,-76.99225
"West Plains, MO",94375,11242,36.73112,-91.85307
"West Point, NY",94442,12141,41.39523,-73.95502
"Wheeling, WV",94726,81249,40.06398,-80.72141
"Whitehall, MI",94807,10568,43.40956,-86.34098
"Whitewater, WI",95050,14227,42.835,-88.73812
"Wichita, KS",95077,472870,37.68749,-97.33558
"Wichita Falls, TX",95104,99437,33.9083,-98.50099
"Williamsburg, VA",95411,75689,37.27569,-76.71029
"Williamsport, PA",95455,56142,41.24094,-77.00141
"Willimantic, CT",95590,29669,41.71096,-72.20529
"Williston, ND",95644,15127,48.14704,-103.62187
"Willmar, MN",95698,20244,45.12064,-95.05447
"Wilmington, NC",95833,219957,34.23497,-77.946
"Wilmington, OH",95860,12374,39.44713,-83.82844
"Wilson, NC",95914,49190,35.72196,-77.91637
"Winchester, KY",96049,25831,37.99305,-84.17909
"Winchester, TN",96076,11681,35.18669,-86.1119
"Winchester, VA",96103,69449,39.184,-78.16405
"Winder, GA",96130,37831,33.99125,-83.72244
"Winfield, KS",96319,12029,37.24081,-96.99721
"Winnemucca, NV",96373,10268,40.97327,-117.73519
"Winona, MN",96562,30712,44.05162,-91.63841
"Winston-Salem, NC",96670,391024,36.10001,-80.24116
"Winter Haven, FL",96697,201289,28.02232,-81.73295
"Wisconsin Rapids, WI",96832,29169,44.39319,-89.81637
"Woodburn, OR",96913,32943,45.14236,-122.85908
"Woodland, CA",96994,55513,38.67854,-121.77312
"Woodland Park, CO",97048,10528,38.99423,-105.05449
"Woodstock, IL",97129,25308,42.31378,-88.44837
"Woodward, OK",97237,11344,36.43364,-99.39904
"Wooster, OH",97264,30430,40.80612,-81.93437
"Worcester, MA",97291,486514,42.26341,-71.80219
"Worthington, MN",97345,12616,43.63105,-95.61521
"Yakima, WA",97507,129534,46.60448,-120.50721
"Yankton, SD",97534,14637,42.87226,-97.39703
"Yauco, PR",97561,90899,18.03341,-66.84845
"Yazoo City, MS",97588,15546,32.84784,-90.41517
"Yelm, WA",97642,12387,46.94239,-122.60735
"York, PA",97750,232045,39.96453,-76.7243
"Youngstown, OH",97831,387550,41.0981,-80.65079
"Yuba City, CA",97939,116719,39.14094,-121.61985
"Yucca Valley, CA",97966,23805,34.12338,-116.41436
"Yuma, AZ",98020,135267,32.68549,-114.62461
"Zanesville, OH",98074,42132,39.94054,-82.00139
"Zapata, TX",98101,10719,26.90817,-99.2723
"Zephyrhills, FL",98182,66609,28.23437,-82.18209
